{
  "captured_at": "2026-06-20T13:37:06",
  "source_filename": "image.jpg",
  "corner_mode": "outer",
  "image_size": {
    "width": 4032,
    "height": 3024
  },
  "dictionary": "DICT_4X4_50",
  "marker_count": 22,
  "displays": [
    {
      "id": "display_1",
      "complete": true,
      "missing_corners": [],
      "corners": {
        "top_left": [
          0.7460355001782614,
          0.13907703016170117
        ],
        "top_right": [
          0.9530671740335132,
          0.1412899380638486
        ],
        "bottom_right": [
          0.9272952004084511,
          0.28131240763992227
        ],
        "bottom_left": [
          0.7156715998573909,
          0.2630410371003328
        ]
      },
      "corner_points": {
        "top_left": [
          3008.01513671875,
          420.5689392089844
        ],
        "top_right": [
          3842.766845703125,
          427.2607727050781
        ],
        "bottom_right": [
          3738.854248046875,
          850.688720703125
        ],
        "bottom_left": [
          2885.587890625,
          795.4360961914062
        ]
      }
    },
    {
      "id": "display_2",
      "complete": true,
      "missing_corners": [],
      "corners": {
        "top_left": [
          0.2202698238312252,
          0.3635382677512194
        ],
        "top_right": [
          0.43638959006657674,
          0.353194827125186
        ],
        "bottom_right": [
          0.4737992967878069,
          0.5072021080703332
        ],
        "bottom_left": [
          0.25622416299486916,
          0.5535349366526124
        ]
      },
      "corner_points": {
        "top_left": [
          888.1279296875,
          1099.3397216796875
        ],
        "top_right": [
          1759.5228271484375,
          1068.0611572265625
        ],
        "bottom_right": [
          1910.3587646484375,
          1533.7791748046875
        ],
        "bottom_left": [
          1033.0958251953125,
          1673.8896484375
        ]
      }
    },
    {
      "id": "display_3",
      "complete": true,
      "missing_corners": [],
      "corners": {
        "top_left": [
          0.5112729753766742,
          0.48667326427641366
        ],
        "top_right": [
          0.512993646046472,
          0.26816346910264754
        ],
        "bottom_right": [
          0.6056547619047619,
          0.2708333333333333
        ],
        "bottom_left": [
          0.600961654905289,
          0.48652378465763474
        ]
      },
      "corner_points": {
        "top_left": [
          2061.45263671875,
          1471.699951171875
        ],
        "top_right": [
          2068.390380859375,
          810.9263305664062
        ],
        "bottom_right": [
          2442.0,
          819.0
        ],
        "bottom_left": [
          2423.077392578125,
          1471.2479248046875
        ]
      }
    },
    {
      "id": "display_4",
      "complete": true,
      "missing_corners": [],
      "corners": {
        "top_left": [
          0.002043290034173027,
          0.29974764869326637
        ],
        "top_right": [
          0.16319825914171007,
          0.3046736540617766
        ],
        "bottom_right": [
          0.17043567839122953,
          0.4507992456829737
        ],
        "bottom_left": [
          0.003894274433453878,
          0.45849237997065145
        ]
      },
      "corner_points": {
        "top_left": [
          8.238545417785645,
          906.4368896484375
        ],
        "top_right": [
          658.015380859375,
          921.3331298828125
        ],
        "bottom_right": [
          687.1966552734375,
          1363.2169189453125
        ],
        "bottom_left": [
          15.701714515686035,
          1386.48095703125
        ]
      }
    }
  ]
}