{
  "captured_at": "2026-06-20T13:54:24",
  "source_filename": "image.jpg",
  "corner_mode": "outer",
  "image_size": {
    "width": 4032,
    "height": 3024
  },
  "dictionary": "DICT_4X4_50",
  "marker_count": 13,
  "uv_bounds": {
    "min_x": 272.9,
    "min_y": 1161.1159301757812,
    "max_x": 3729.1,
    "max_y": 2365.756384277344
  },
  "displays": [
    {
      "id": "display_1",
      "complete": true,
      "missing_corners": [],
      "corners": {
        "top_left": [
          0.7020492553710938,
          0.6960756009217923
        ],
        "top_right": [
          0.7444759550548735,
          0.4020741780598958
        ],
        "bottom_right": [
          0.8859126984126984,
          0.42724867724867727
        ],
        "bottom_left": [
          0.8306051587301587,
          0.7642195767195767
        ]
      },
      "corner_points": {
        "top_left": [
          2830.66259765625,
          2104.9326171875
        ],
        "top_right": [
          3001.72705078125,
          1215.872314453125
        ],
        "bottom_right": [
          3572.0,
          1292.0
        ],
        "bottom_left": [
          3349.0,
          2311.0
        ]
      }
    },
    {
      "id": "display_2",
      "complete": true,
      "missing_corners": [],
      "corners": {
        "top_left": [
          0.11374213203551277,
          0.4620137290349082
        ],
        "top_right": [
          0.2847211020333426,
          0.45572484737981567
        ],
        "bottom_right": [
          0.2840699695405506,
          0.5720543432488012
        ],
        "bottom_left": [
          0.10664682539682539,
          0.5826719576719577
        ]
      },
      "corner_points": {
        "top_left": [
          458.6082763671875,
          1397.1295166015625
        ],
        "top_right": [
          1147.9954833984375,
          1378.1119384765625
        ],
        "bottom_right": [
          1145.3701171875,
          1729.892333984375
        ],
        "bottom_left": [
          430.0,
          1762.0
        ]
      }
    },
    {
      "id": "display_3",
      "complete": true,
      "missing_corners": [],
      "corners": {
        "top_left": [
          0.3547209785098121,
          0.43987233802755044
        ],
        "top_right": [
          0.5512111603267609,
          0.43937271360367064
        ],
        "bottom_right": [
          0.5582183958992125,
          0.590116026540282
        ],
        "bottom_left": [
          0.34811144026498947,
          0.5944066930700231
        ]
      },
      "corner_points": {
        "top_left": [
          1430.2349853515625,
          1330.1739501953125
        ],
        "top_right": [
          2222.4833984375,
          1328.6630859375
        ],
        "bottom_right": [
          2250.736572265625,
          1784.5108642578125
        ],
        "bottom_left": [
          1403.5853271484375,
          1797.48583984375
        ]
      }
    }
  ]
}