{
  "captured_at": "2026-06-20T14:17:55",
  "source_filename": "image.jpg",
  "corner_mode": "outer",
  "image_size": {
    "width": 4032,
    "height": 3024
  },
  "dictionary": "DICT_4X4_50",
  "marker_count": 17,
  "uv_bounds": {
    "min_x": -15.91070556640625,
    "min_y": 1132.9889282226563,
    "max_x": 3984.1858520507812,
    "max_y": 2865.4746948242187
  },
  "displays": [
    {
      "id": "display_1",
      "complete": true,
      "missing_corners": [],
      "corners": {
        "top_left": [
          0.5048753344823443,
          0.5721856980096727
        ],
        "top_right": [
          0.3265213133796813,
          0.5656418169617022
        ],
        "bottom_right": [
          0.3410218253968254,
          0.4460978835978836
        ],
        "bottom_left": [
          0.5090890914674789,
          0.4505950281859706
        ]
      },
      "corner_points": {
        "top_left": [
          2035.6573486328125,
          1730.28955078125
        ],
        "top_right": [
          1316.533935546875,
          1710.5008544921875
        ],
        "bottom_right": [
          1375.0,
          1349.0
        ],
        "bottom_left": [
          2052.647216796875,
          1362.599365234375
        ]
      }
    },
    {
      "id": "display_2",
      "complete": true,
      "missing_corners": [],
      "corners": {
        "top_left": [
          0.041148776099795385,
          0.4664897212275752
        ],
        "top_right": [
          0.20273732382153709,
          0.41260960493138227
        ],
        "bottom_right": [
          0.24853178054567368,
          0.5710793550683078
        ],
        "bottom_left": [
          0.09757023009042891,
          0.6245414289847884
        ]
      },
      "corner_points": {
        "top_left": [
          165.911865234375,
          1410.6649169921875
        ],
        "top_right": [
          817.4368896484375,
          1247.7314453125
        ],
        "bottom_right": [
          1002.0801391601562,
          1726.9439697265625
        ],
        "bottom_left": [
          393.4031677246094,
          1888.61328125
        ]
      }
    },
    {
      "id": "display_3",
      "complete": true,
      "missing_corners": [],
      "corners": {
        "top_left": [
          0.4377693297371032,
          0.6395370241195436
        ],
        "top_right": [
          0.4369992150200738,
          0.9141283792162699
        ],
        "bottom_right": [
          0.3165293193998791,
          0.9215361580016121
        ],
        "bottom_left": [
          0.3299836658296131,
          0.6458084267913979
        ]
      },
      "corner_points": {
        "top_left": [
          1765.0859375,
          1933.9599609375
        ],
        "top_right": [
          1761.9808349609375,
          2764.32421875
        ],
        "bottom_right": [
          1276.2462158203125,
          2786.725341796875
        ],
        "bottom_left": [
          1330.494140625,
          1952.9246826171875
        ]
      }
    },
    {
      "id": "display_4",
      "complete": true,
      "missing_corners": [],
      "corners": {
        "top_left": [
          0.7029388064429873,
          0.40070710358796297
        ],
        "top_right": [
          0.9430464487227183,
          0.5399399611054274
        ],
        "bottom_right": [
          0.8608265831356957,
          0.6946384490482391
        ],
        "bottom_left": [
          0.6454766894143725,
          0.554755276473111
        ]
      },
      "corner_points": {
        "top_left": [
          2834.249267578125,
          1211.73828125
        ],
        "top_right": [
          3802.36328125,
          1632.7784423828125
        ],
        "bottom_right": [
          3470.852783203125,
          2100.586669921875
        ],
        "bottom_left": [
          2602.56201171875,
          1677.5799560546875
        ]
      }
    }
  ]
}