{
  "captured_at": "2026-06-20T14:15:39",
  "source_filename": "image.jpg",
  "corner_mode": "outer",
  "image_size": {
    "width": 3024,
    "height": 4032
  },
  "dictionary": "DICT_4X4_50",
  "marker_count": 18,
  "uv_bounds": {
    "min_x": 952.0030944824218,
    "min_y": -98.19196701049805,
    "max_x": 2554.5700256347654,
    "max_y": 4066.962917327881
  },
  "displays": [
    {
      "id": "display_1",
      "complete": false,
      "missing_corners": [
        "top_left",
        "bottom_right"
      ],
      "corners": null,
      "corner_points": {
        "top_right": [
          932.3223876953125,
          1314.218994140625
        ],
        "bottom_left": [
          771.6922607421875,
          1746.605712890625
        ]
      }
    },
    {
      "id": "display_2",
      "complete": true,
      "missing_corners": [],
      "corners": {
        "top_left": [
          0.7481186478226273,
          0.02260249380081419
        ],
        "top_right": [
          0.7744073615503059,
          0.19481192694769967
        ],
        "bottom_right": [
          0.5976765143177497,
          0.2342505379328652
        ],
        "bottom_left": [
          0.5731195116799975,
          0.07763777838812934
        ]
      },
      "corner_points": {
        "top_left": [
          2262.310791015625,
          91.13325500488281
        ],
        "top_right": [
          2341.807861328125,
          785.481689453125
        ],
        "bottom_right": [
          1807.373779296875,
          944.4981689453125
        ],
        "bottom_left": [
          1733.1134033203125,
          313.0355224609375
        ]
      }
    },
    {
      "id": "display_3",
      "complete": true,
      "missing_corners": [],
      "corners": {
        "top_left": [
          0.6788889567057291,
          0.7310434371706039
        ],
        "top_right": [
          0.4733729286799355,
          0.9617156982421875
        ],
        "bottom_right": [
          0.33890444639498596,
          0.8466523791116382
        ],
        "bottom_left": [
          0.528395516531808,
          0.6464974539620536
        ]
      },
      "corner_points": {
        "top_left": [
          2052.960205078125,
          2947.567138671875
        ],
        "top_right": [
          1431.479736328125,
          3877.6376953125
        ],
        "bottom_right": [
          1024.8470458984375,
          3413.702392578125
        ],
        "bottom_left": [
          1597.8680419921875,
          2606.677734375
        ]
      }
    },
    {
      "id": "display_4",
      "complete": true,
      "missing_corners": [],
      "corners": {
        "top_left": [
          0.8206766118448248,
          0.4427839612203931
        ],
        "top_right": [
          0.7706407819475446,
          0.6430492098369296
        ],
        "bottom_right": [
          0.6322751322751323,
          0.6150793650793651
        ],
        "bottom_left": [
          0.6787333816447586,
          0.43465547713022384
        ]
      },
      "corner_points": {
        "top_left": [
          2481.72607421875,
          1785.304931640625
        ],
        "top_right": [
          2330.417724609375,
          2592.7744140625
        ],
        "bottom_right": [
          1912.0,
          2480.0
        ],
        "bottom_left": [
          2052.48974609375,
          1752.5308837890625
        ]
      }
    },
    {
      "id": "display_5",
      "complete": true,
      "missing_corners": [],
      "corners": {
        "top_left": [
          0.631125394629423,
          0.3576291704934741
        ],
        "top_right": [
          0.42650083511594744,
          0.4530917273627387
        ],
        "bottom_right": [
          0.3458994708994709,
          0.35441468253968256
        ],
        "bottom_left": [
          0.5615005896835731,
          0.2606743706597222
        ]
      },
      "corner_points": {
        "top_left": [
          1908.523193359375,
          1441.9608154296875
        ],
        "top_right": [
          1289.738525390625,
          1826.8658447265625
        ],
        "bottom_right": [
          1046.0,
          1429.0
        ],
        "bottom_left": [
          1697.977783203125,
          1051.0390625
        ]
      }
    }
  ]
}