{
  "captured_at": "2026-06-20T14:03:58",
  "source_filename": "image.jpg",
  "corner_mode": "outer",
  "image_size": {
    "width": 4032,
    "height": 3024
  },
  "dictionary": "DICT_4X4_50",
  "marker_count": 14,
  "uv_bounds": {
    "min_x": 41.59124145507812,
    "min_y": 293.3129608154297,
    "max_x": 3878.6403259277345,
    "max_y": 2696.5275543212892
  },
  "displays": [
    {
      "id": "display_1",
      "complete": true,
      "missing_corners": [],
      "corners": {
        "top_left": [
          0.0990491821652367,
          0.5334207443963914
        ],
        "top_right": [
          0.3564436473543682,
          0.6605050223214286
        ],
        "bottom_right": [
          0.3052648514036148,
          0.8555854918464781
        ],
        "bottom_left": [
          0.05357206435430618,
          0.7273967278697503
        ]
      },
      "corner_points": {
        "top_left": [
          399.3663024902344,
          1613.0643310546875
        ],
        "top_right": [
          1437.1807861328125,
          1997.3671875
        ],
        "bottom_right": [
          1230.827880859375,
          2587.29052734375
        ],
        "bottom_left": [
          216.0025634765625,
          2199.647705078125
        ]
      }
    },
    {
      "id": "display_2",
      "complete": true,
      "missing_corners": [],
      "corners": {
        "top_left": [
          0.25704498896523126,
          0.4223550867151331
        ],
        "top_right": [
          0.43637405879913815,
          0.13311838220666955
        ],
        "bottom_right": [
          0.5073166801815941,
          0.2798831273639013
        ],
        "bottom_left": [
          0.36104217408195377,
          0.5328306975188078
        ]
      },
      "corner_points": {
        "top_left": [
          1036.4053955078125,
          1277.2017822265625
        ],
        "top_right": [
          1759.460205078125,
          402.54998779296875
        ],
        "bottom_right": [
          2045.5008544921875,
          846.3665771484375
        ],
        "bottom_left": [
          1455.7220458984375,
          1611.280029296875
        ]
      }
    },
    {
      "id": "display_3",
      "complete": true,
      "missing_corners": [],
      "corners": {
        "top_left": [
          0.5817129347059462,
          0.279634122495298
        ],
        "top_right": [
          0.9187075902545263,
          0.4524387581638558
        ],
        "bottom_right": [
          0.8047318231491816,
          0.6540117213334987
        ],
        "bottom_left": [
          0.5185457259889633,
          0.49801514640687006
        ]
      },
      "corner_points": {
        "top_left": [
          2345.466552734375,
          845.6135864257812
        ],
        "top_right": [
          3704.22900390625,
          1368.1748046875
        ],
        "bottom_right": [
          3244.6787109375,
          1977.7314453125
        ],
        "bottom_left": [
          2090.7763671875,
          1505.997802734375
        ]
      }
    }
  ]
}