{
  "captured_at": "2026-06-20T13:31:08",
  "source_filename": "image.jpg",
  "corner_mode": "outer",
  "image_size": {
    "width": 4032,
    "height": 3024
  },
  "dictionary": "DICT_4X4_50",
  "marker_count": 16,
  "displays": [
    {
      "id": "display_1",
      "complete": true,
      "missing_corners": [],
      "corners": {
        "top_left": [
          0.6916476052904886,
          0.4474451781580688
        ],
        "top_right": [
          0.9649388752286396,
          0.6487180921766493
        ],
        "bottom_right": [
          0.8322482638888888,
          0.8818441724020337
        ],
        "bottom_left": [
          0.6006283835759239,
          0.6179408724345858
        ]
      },
      "corner_points": {
        "top_left": [
          2788.72314453125,
          1353.07421875
        ],
        "top_right": [
          3890.633544921875,
          1961.7235107421875
        ],
        "bottom_right": [
          3355.625,
          2666.69677734375
        ],
        "bottom_left": [
          2421.733642578125,
          1868.6531982421875
        ]
      }
    },
    {
      "id": "display_2",
      "complete": true,
      "missing_corners": [],
      "corners": {
        "top_left": [
          0.03977892890809074,
          0.4052826815812045
        ],
        "top_right": [
          0.37570907956077937,
          0.3268520819447028
        ],
        "bottom_right": [
          0.4270008026607453,
          0.5522286955010954
        ],
        "bottom_left": [
          0.099547545115153,
          0.684112548828125
        ]
      },
      "corner_points": {
        "top_left": [
          160.38864135742188,
          1225.5748291015625
        ],
        "top_right": [
          1514.8590087890625,
          988.4006958007812
        ],
        "bottom_right": [
          1721.667236328125,
          1669.9395751953125
        ],
        "bottom_left": [
          401.3757019042969,
          2068.75634765625
        ]
      }
    },
    {
      "id": "display_3",
      "complete": true,
      "missing_corners": [],
      "corners": {
        "top_left": [
          0.5051235622829862,
          0.4886392260354663
        ],
        "top_right": [
          0.4988507467602927,
          0.18505098453905217
        ],
        "bottom_right": [
          0.6372232588510665,
          0.17572205154984086
        ],
        "bottom_left": [
          0.6293325878324962,
          0.48514242020864334
        ]
      },
      "corner_points": {
        "top_left": [
          2036.658203125,
          1477.64501953125
        ],
        "top_right": [
          2011.3662109375,
          559.5941772460938
        ],
        "bottom_right": [
          2569.2841796875,
          531.3834838867188
        ],
        "bottom_left": [
          2537.468994140625,
          1467.0706787109375
        ]
      }
    }
  ]
}