{
  "captured_at": "2026-06-20T13:26:04",
  "source_filename": "p.png",
  "corner_mode": "outer",
  "image_size": {
    "width": 1400,
    "height": 1000
  },
  "dictionary": "DICT_4X4_50",
  "marker_count": 4,
  "displays": [
    {
      "id": "display_1",
      "complete": true,
      "missing_corners": [],
      "corners": {
        "top_left": [
          0.02825552531651088,
          0.039557723999023436
        ],
        "top_right": [
          0.9710301862444196,
          0.039557723999023436
        ],
        "bottom_right": [
          0.9710301862444196,
          0.9594422607421875
        ],
        "bottom_left": [
          0.02825552531651088,
          0.9594422607421875
        ]
      },
      "corner_points": {
        "top_left": [
          39.557735443115234,
          39.55772399902344
        ],
        "top_right": [
          1359.4422607421875,
          39.55772399902344
        ],
        "bottom_right": [
          1359.4422607421875,
          959.4422607421875
        ],
        "bottom_left": [
          39.557735443115234,
          959.4422607421875
        ]
      }
    }
  ]
}