{
  "captured_at": "2026-06-20T13:57:42",
  "source_filename": "image.jpg",
  "corner_mode": "outer",
  "image_size": {
    "width": 3024,
    "height": 4032
  },
  "dictionary": "DICT_4X4_50",
  "marker_count": 8,
  "uv_bounds": {
    "min_x": 444.61207275390626,
    "min_y": 571.2200714111328,
    "max_x": 2494.7797729492186,
    "max_y": 3449.9052337646485
  },
  "displays": [
    {
      "id": "display_1",
      "complete": true,
      "missing_corners": [],
      "corners": {
        "top_left": [
          0.20714684138222347,
          0.5591775197831411
        ],
        "top_right": [
          0.7898000888723545,
          0.5634863717215401
        ],
        "bottom_right": [
          0.794176697100281,
          0.8231785486614893
        ],
        "bottom_left": [
          0.1954884402966373,
          0.8193540421743242
        ]
      },
      "corner_points": {
        "top_left": [
          626.4120483398438,
          2254.603759765625
        ],
        "top_right": [
          2388.35546875,
          2271.97705078125
        ],
        "bottom_right": [
          2401.59033203125,
          3319.055908203125
        ],
        "bottom_left": [
          591.1570434570312,
          3303.635498046875
        ]
      }
    },
    {
      "id": "display_2",
      "complete": true,
      "missing_corners": [],
      "corners": {
        "top_left": [
          0.17784441589678407,
          0.17997501009986513
        ],
        "top_right": [
          0.7529657757471478,
          0.17412435440790086
        ],
        "bottom_right": [
          0.7627062116350446,
          0.42014336964440724
        ],
        "bottom_left": [
          0.180259522937593,
          0.42807921152266243
        ]
      },
      "corner_points": {
        "top_left": [
          537.801513671875,
          725.6592407226562
        ],
        "top_right": [
          2276.968505859375,
          702.0693969726562
        ],
        "bottom_right": [
          2306.423583984375,
          1694.01806640625
        ],
        "bottom_left": [
          545.1047973632812,
          1726.015380859375
        ]
      }
    },
    {
      "id": "display_3",
      "complete": false,
      "missing_corners": [
        "top_left",
        "top_right",
        "bottom_right",
        "bottom_left"
      ],
      "corners": null,
      "corner_points": {}
    }
  ]
}