{
  "captured_at": "2026-06-20T13:56:20",
  "source_filename": "image.jpg",
  "corner_mode": "outer",
  "image_size": {
    "width": 4032,
    "height": 3024
  },
  "dictionary": "DICT_4X4_50",
  "marker_count": 12,
  "uv_bounds": {
    "min_x": -133.23666629791262,
    "min_y": 471.44281311035155,
    "max_x": 3956.7088609695434,
    "max_y": 2481.453732299805
  },
  "displays": [
    {
      "id": "display_1",
      "complete": true,
      "missing_corners": [],
      "corners": {
        "top_left": [
          0.07356365143306672,
          0.6149580213758681
        ],
        "top_right": [
          0.38694190979003906,
          0.5643924935154183
        ],
        "bottom_right": [
          0.3718479701450893,
          0.7704353938027034
        ],
        "bottom_left": [
          0.013062983278244261,
          0.7903735448443701
        ]
      },
      "corner_points": {
        "top_left": [
          296.608642578125,
          1859.633056640625
        ],
        "top_right": [
          1560.1497802734375,
          1706.722900390625
        ],
        "bottom_right": [
          1499.291015625,
          2329.796630859375
        ],
        "bottom_left": [
          52.66994857788086,
          2390.089599609375
        ]
      }
    },
    {
      "id": "display_2",
      "complete": true,
      "missing_corners": [],
      "corners": {
        "top_left": [
          0.16289819989885604,
          0.18611340800290385
        ],
        "top_right": [
          0.42212201678563677,
          0.1945616706969246
        ],
        "bottom_right": [
          0.42237103174603174,
          0.3968253968253968
        ],
        "bottom_left": [
          0.17311507936507936,
          0.38591269841269843
        ]
      },
      "corner_points": {
        "top_left": [
          656.8055419921875,
          562.8069458007812
        ],
        "top_right": [
          1701.9959716796875,
          588.3544921875
        ],
        "bottom_right": [
          1703.0,
          1200.0
        ],
        "bottom_left": [
          698.0,
          1167.0
        ]
      }
    },
    {
      "id": "display_3",
      "complete": true,
      "missing_corners": [],
      "corners": {
        "top_left": [
          0.5398089696490576,
          0.25082455993329406
        ],
        "top_right": [
          0.9352188110351562,
          0.30482501075381324
        ],
        "bottom_right": [
          0.884033203125,
          0.613835854505105
        ],
        "bottom_left": [
          0.5130299764966207,
          0.5404835453739872
        ]
      },
      "corner_points": {
        "top_left": [
          2176.509765625,
          758.4934692382812
        ],
        "top_right": [
          3770.80224609375,
          921.7908325195312
        ],
        "bottom_right": [
          3564.421875,
          1856.2396240234375
        ],
        "bottom_left": [
          2068.536865234375,
          1634.4222412109375
        ]
      }
    }
  ]
}