{
  "captured_at": "2026-06-20T14:08:28",
  "source_filename": "image.jpg",
  "corner_mode": "outer",
  "image_size": {
    "width": 4032,
    "height": 3024
  },
  "dictionary": "DICT_4X4_50",
  "marker_count": 13,
  "uv_bounds": {
    "min_x": 308.59669952392574,
    "min_y": 725.2806610107422,
    "max_x": 3843.093516540527,
    "max_y": 2014.5185943603515
  },
  "displays": [
    {
      "id": "display_1",
      "complete": true,
      "missing_corners": [],
      "corners": {
        "top_left": [
          0.22470238095238096,
          0.3505291005291005
        ],
        "top_right": [
          0.2729211837526352,
          0.47624735352854247
        ],
        "bottom_right": [
          0.1378968253968254,
          0.5631613756613757
        ],
        "bottom_left": [
          0.1163828486487979,
          0.4165119796833664
        ]
      },
      "corner_points": {
        "top_left": [
          906.0,
          1060.0
        ],
        "top_right": [
          1100.418212890625,
          1440.1719970703125
        ],
        "bottom_right": [
          556.0,
          1703.0
        ],
        "bottom_left": [
          469.2556457519531,
          1259.5322265625
        ]
      }
    },
    {
      "id": "display_2",
      "complete": true,
      "missing_corners": [],
      "corners": {
        "top_left": [
          0.31566420055571054,
          0.29010786833586516
        ],
        "top_right": [
          0.5025507609049479,
          0.2592203654940166
        ],
        "bottom_right": [
          0.5260416666666666,
          0.398478835978836
        ],
        "bottom_left": [
          0.34350198412698413,
          0.4437830687830688
        ]
      },
      "corner_points": {
        "top_left": [
          1272.758056640625,
          877.2861938476562
        ],
        "top_right": [
          2026.28466796875,
          783.8823852539062
        ],
        "bottom_right": [
          2121.0,
          1205.0
        ],
        "bottom_left": [
          1385.0,
          1342.0
        ]
      }
    },
    {
      "id": "display_3",
      "complete": true,
      "missing_corners": [],
      "corners": {
        "top_left": [
          0.6385162595718626,
          0.298255617656405
        ],
        "top_right": [
          0.9133022247798859,
          0.4125055787424562
        ],
        "bottom_right": [
          0.8160836356026786,
          0.6467979067847842
        ],
        "bottom_left": [
          0.5598133026607452,
          0.480265460947834
        ]
      },
      "corner_points": {
        "top_left": [
          2574.49755859375,
          901.9249877929688
        ],
        "top_right": [
          3682.4345703125,
          1247.4168701171875
        ],
        "bottom_right": [
          3290.44921875,
          1955.9168701171875
        ],
        "bottom_left": [
          2257.167236328125,
          1452.32275390625
        ]
      }
    }
  ]
}