{
  "captured_at": "2026-06-20T14:16:20",
  "source_filename": "image.jpg",
  "corner_mode": "outer",
  "image_size": {
    "width": 3024,
    "height": 4032
  },
  "dictionary": "DICT_4X4_50",
  "marker_count": 19,
  "uv_bounds": {
    "min_x": 458.2367340087891,
    "min_y": -43.713409423828125,
    "max_x": 1969.0291961669923,
    "max_y": 3848.0663146972656
  },
  "displays": [
    {
      "id": "display_1",
      "complete": false,
      "missing_corners": [
        "top_left",
        "top_right",
        "bottom_right",
        "bottom_left"
      ],
      "corners": null,
      "corner_points": {}
    },
    {
      "id": "display_2",
      "complete": true,
      "missing_corners": [],
      "corners": {
        "top_left": [
          0.4889703982721561,
          0.033032159956674724
        ],
        "top_right": [
          0.5431848354440517,
          0.18566965678381542
        ],
        "bottom_right": [
          0.3938953460208953,
          0.23332088712661986
        ],
        "bottom_left": [
          0.3415127305126695,
          0.09056399360535637
        ]
      },
      "corner_points": {
        "top_left": [
          1478.646484375,
          133.1856689453125
        ],
        "top_right": [
          1642.5909423828125,
          748.6200561523438
        ],
        "bottom_right": [
          1191.1395263671875,
          940.7498168945312
        ],
        "bottom_left": [
          1032.7344970703125,
          365.1540222167969
        ]
      }
    },
    {
      "id": "display_3",
      "complete": true,
      "missing_corners": [],
      "corners": {
        "top_left": [
          0.5547623003601397,
          0.6724203200567336
        ],
        "top_right": [
          0.4106668139260913,
          0.9105077471051898
        ],
        "bottom_right": [
          0.2631469403625165,
          0.8315084548223586
        ],
        "bottom_left": [
          0.4079737183908937,
          0.6199286324637276
        ]
      },
      "corner_points": {
        "top_left": [
          1677.6011962890625,
          2711.19873046875
        ],
        "top_right": [
          1241.8564453125,
          3671.167236328125
        ],
        "bottom_right": [
          795.75634765625,
          3352.64208984375
        ],
        "bottom_left": [
          1233.7125244140625,
          2499.55224609375
        ]
      }
    },
    {
      "id": "display_4",
      "complete": true,
      "missing_corners": [],
      "corners": {
        "top_left": [
          0.6284248715355283,
          0.40494491940452937
        ],
        "top_right": [
          0.6205088297526041,
          0.5856434655567956
        ],
        "bottom_right": [
          0.49683493155020253,
          0.5808058239164806
        ],
        "bottom_left": [
          0.5085978835978836,
          0.41220238095238093
        ]
      },
      "corner_points": {
        "top_left": [
          1900.3568115234375,
          1632.7379150390625
        ],
        "top_right": [
          1876.418701171875,
          2361.314453125
        ],
        "bottom_right": [
          1502.4288330078125,
          2341.80908203125
        ],
        "bottom_left": [
          1538.0,
          1662.0
        ]
      }
    },
    {
      "id": "display_5",
      "complete": true,
      "missing_corners": [],
      "corners": {
        "top_left": [
          0.43380470881386407,
          0.32943652925037203
        ],
        "top_right": [
          0.6111493388181011,
          0.5616923135424418
        ],
        "bottom_right": [
          0.17424243341678033,
          0.36309629773336743
        ],
        "bottom_left": [
          0.36507936507936506,
          0.2614087301587302
        ]
      },
      "corner_points": {
        "top_left": [
          1311.825439453125,
          1328.2880859375
        ],
        "top_right": [
          1848.1156005859375,
          2264.743408203125
        ],
        "bottom_right": [
          526.9091186523438,
          1464.0042724609375
        ],
        "bottom_left": [
          1104.0,
          1054.0
        ]
      }
    }
  ]
}