{
  "captured_at": "2026-06-20T13:46:15",
  "source_filename": "p.png",
  "corner_mode": "outer",
  "image_size": {
    "width": 2000,
    "height": 1500
  },
  "dictionary": "DICT_4X4_50",
  "marker_count": 4,
  "uv_bounds": {
    "min_x": 449.5635131835937,
    "min_y": 259.56348114013673,
    "max_x": 1549.4364868164062,
    "max_y": 1139.4364883422852
  },
  "displays": [
    {
      "id": "display_1",
      "complete": true,
      "missing_corners": [],
      "corners": {
        "top_left": [
          0.24977886962890625,
          0.19970515950520834
        ],
        "top_right": [
          0.7497211303710938,
          0.19970513916015625
        ],
        "bottom_right": [
          0.7497211303710938,
          0.7329615071614584
        ],
        "bottom_left": [
          0.24977886962890625,
          0.7329615071614584
        ]
      },
      "corner_points": {
        "top_left": [
          499.5577392578125,
          299.5577392578125
        ],
        "top_right": [
          1499.4422607421875,
          299.5577087402344
        ],
        "bottom_right": [
          1499.4422607421875,
          1099.4422607421875
        ],
        "bottom_left": [
          499.5577392578125,
          1099.4422607421875
        ]
      }
    }
  ]
}