{
  "captured_at": "2026-06-20T14:16:40",
  "source_filename": "image.jpg",
  "corner_mode": "outer",
  "image_size": {
    "width": 4032,
    "height": 3024
  },
  "dictionary": "DICT_4X4_50",
  "marker_count": 19,
  "uv_bounds": {
    "min_x": -87.11543045043948,
    "min_y": 666.1254150390625,
    "max_x": 3956.1418434143065,
    "max_y": 2474.2896240234377
  },
  "displays": [
    {
      "id": "display_1",
      "complete": false,
      "missing_corners": [
        "top_left",
        "top_right",
        "bottom_right",
        "bottom_left"
      ],
      "corners": null,
      "corner_points": {}
    },
    {
      "id": "display_2",
      "complete": true,
      "missing_corners": [],
      "corners": {
        "top_left": [
          0.023975444218469043,
          0.4644534398639013
        ],
        "top_right": [
          0.17925353277297246,
          0.3966453188941592
        ],
        "bottom_right": [
          0.2396725094507611,
          0.5452653592225736
        ],
        "bottom_left": [
          0.09704393053811694,
          0.6082530753322379
        ]
      },
      "corner_points": {
        "top_left": [
          96.66899108886719,
          1404.5072021484375
        ],
        "top_right": [
          722.750244140625,
          1199.4554443359375
        ],
        "bottom_right": [
          966.3595581054688,
          1648.8824462890625
        ],
        "bottom_left": [
          391.2811279296875,
          1839.3572998046875
        ]
      }
    },
    {
      "id": "display_3",
      "complete": true,
      "missing_corners": [],
      "corners": {
        "top_left": [
          0.6904040139818949,
          0.3541124939287781
        ],
        "top_right": [
          0.9356045193142362,
          0.49157541264932625
        ],
        "bottom_right": [
          0.8511794559539311,
          0.639337973619895
        ],
        "bottom_left": [
          0.63576658945235,
          0.5066721679041626
        ]
      },
      "corner_points": {
        "top_left": [
          2783.708984375,
          1070.836181640625
        ],
        "top_right": [
          3772.357421875,
          1486.5240478515625
        ],
        "bottom_right": [
          3431.95556640625,
          1933.3580322265625
        ],
        "bottom_left": [
          2563.410888671875,
          1532.1766357421875
        ]
      }
    },
    {
      "id": "display_4",
      "complete": true,
      "missing_corners": [],
      "corners": {
        "top_left": [
          0.5111917768205915,
          0.2474585639105903
        ],
        "top_right": [
          0.5116571093362475,
          0.45365833100818453
        ],
        "bottom_right": [
          0.41195436507936506,
          0.4566798941798942
        ],
        "bottom_left": [
          0.4174107142857143,
          0.25165343915343913
        ]
      },
      "corner_points": {
        "top_left": [
          2061.125244140625,
          748.314697265625
        ],
        "top_right": [
          2063.00146484375,
          1371.86279296875
        ],
        "bottom_right": [
          1661.0,
          1381.0
        ],
        "bottom_left": [
          1683.0,
          761.0
        ]
      }
    },
    {
      "id": "display_5",
      "complete": true,
      "missing_corners": [],
      "corners": {
        "top_left": [
          0.3873018537248884,
          0.510375734359499
        ],
        "top_right": [
          0.5038255358499194,
          0.39719076005239334
        ],
        "bottom_right": [
          0.3247702159578838,
          0.7910384728164269
        ],
        "bottom_left": [
          0.28672581627255395,
          0.5492907327318949
        ]
      },
      "corner_points": {
        "top_left": [
          1561.60107421875,
          1543.376220703125
        ],
        "top_right": [
          2031.424560546875,
          1201.1048583984375
        ],
        "bottom_right": [
          1309.4735107421875,
          2392.100341796875
        ],
        "bottom_left": [
          1156.0784912109375,
          1661.05517578125
        ]
      }
    }
  ]
}