{
  "captured_at": "2026-06-20T13:47:06",
  "source_filename": "image.jpg",
  "corner_mode": "outer",
  "image_size": {
    "width": 4032,
    "height": 3024
  },
  "dictionary": "DICT_4X4_50",
  "marker_count": 12,
  "uv_bounds": {
    "min_x": -16.081030273437506,
    "min_y": 1077.4927307128905,
    "max_x": 3939.4281982421876,
    "max_y": 2187.602606201172
  },
  "displays": [
    {
      "id": "display_1",
      "complete": true,
      "missing_corners": [],
      "corners": {
        "top_left": [
          0.6755905151367188,
          0.4742146648427166
        ],
        "top_right": [
          0.932448493109809,
          0.5143591663824818
        ],
        "bottom_right": [
          0.9150706699916294,
          0.7067272044994213
        ],
        "bottom_left": [
          0.6481515188065786,
          0.6372309286127645
        ]
      },
      "corner_points": {
        "top_left": [
          2723.98095703125,
          1434.025146484375
        ],
        "top_right": [
          3759.63232421875,
          1555.422119140625
        ],
        "bottom_right": [
          3689.56494140625,
          2137.14306640625
        ],
        "bottom_left": [
          2613.346923828125,
          1926.986328125
        ]
      }
    },
    {
      "id": "display_2",
      "complete": true,
      "missing_corners": [],
      "corners": {
        "top_left": [
          0.040603879898313495,
          0.4556104064618469
        ],
        "top_right": [
          0.23799717615521143,
          0.42023807101779515
        ],
        "bottom_right": [
          0.25595238095238093,
          0.5459656084656085
        ],
        "bottom_left": [
          0.05282738095238095,
          0.5942460317460317
        ]
      },
      "corner_points": {
        "top_left": [
          163.71484375,
          1377.765869140625
        ],
        "top_right": [
          959.6046142578125,
          1270.7999267578125
        ],
        "bottom_right": [
          1032.0,
          1651.0
        ],
        "bottom_left": [
          213.0,
          1797.0
        ]
      }
    },
    {
      "id": "display_3",
      "complete": true,
      "missing_corners": [],
      "corners": {
        "top_left": [
          0.32871652027917286,
          0.3980535678762607
        ],
        "top_right": [
          0.538666498093378,
          0.3730000894536417
        ],
        "bottom_right": [
          0.5628589448474702,
          0.5311106121729291
        ],
        "bottom_left": [
          0.3431444319467696,
          0.5686055339833416
        ]
      },
      "corner_points": {
        "top_left": [
          1325.385009765625,
          1203.7139892578125
        ],
        "top_right": [
          2171.9033203125,
          1127.9522705078125
        ],
        "bottom_right": [
          2269.447265625,
          1606.0784912109375
        ],
        "bottom_left": [
          1383.558349609375,
          1719.463134765625
        ]
      }
    }
  ]
}