{
  "captured_at": "2026-06-20T14:16:11",
  "source_filename": "image.jpg",
  "corner_mode": "outer",
  "image_size": {
    "width": 3024,
    "height": 4032
  },
  "dictionary": "DICT_4X4_50",
  "marker_count": 21,
  "uv_bounds": {
    "min_x": 686.0702972412109,
    "min_y": -89.4328842163086,
    "max_x": 2232.681106567383,
    "max_y": 3967.728691101074
  },
  "displays": [
    {
      "id": "display_1",
      "complete": false,
      "missing_corners": [
        "top_left",
        "top_right",
        "bottom_right",
        "bottom_left"
      ],
      "corners": null,
      "corner_points": {}
    },
    {
      "id": "display_2",
      "complete": true,
      "missing_corners": [],
      "corners": {
        "top_left": [
          0.5836132796353133,
          0.023557428329709976
        ],
        "top_right": [
          0.6348463997008309,
          0.18492439814976283
        ],
        "bottom_right": [
          0.47549757377180474,
          0.23444166637602307
        ],
        "bottom_left": [
          0.42688295071717924,
          0.0853861475747729
        ]
      },
      "corner_points": {
        "top_left": [
          1764.8465576171875,
          94.98355102539062
        ],
        "top_right": [
          1919.7755126953125,
          745.6151733398438
        ],
        "bottom_right": [
          1437.9046630859375,
          945.268798828125
        ],
        "bottom_left": [
          1290.89404296875,
          344.2769470214844
        ]
      }
    },
    {
      "id": "display_3",
      "complete": true,
      "missing_corners": [],
      "corners": {
        "top_left": [
          0.6286373239345652,
          0.697189452156188
        ],
        "top_right": [
          0.47167217920696924,
          0.9383214920286148
        ],
        "bottom_right": [
          0.3233395329228154,
          0.847190675281343
        ],
        "bottom_left": [
          0.47562105693514384,
          0.634735107421875
        ]
      },
      "corner_points": {
        "top_left": [
          1900.999267578125,
          2811.06787109375
        ],
        "top_right": [
          1426.336669921875,
          3783.312255859375
        ],
        "bottom_right": [
          977.7787475585938,
          3415.872802734375
        ],
        "bottom_left": [
          1438.278076171875,
          2559.251953125
        ]
      }
    },
    {
      "id": "display_4",
      "complete": true,
      "missing_corners": [],
      "corners": {
        "top_left": [
          0.7150729547732722,
          0.4157540760343037
        ],
        "top_right": [
          0.6997506277901786,
          0.6065534561399429
        ],
        "bottom_right": [
          0.5691137566137566,
          0.5949900793650794
        ],
        "bottom_left": [
          0.584757164041832,
          0.41984258379255024
        ]
      },
      "corner_points": {
        "top_left": [
          2162.380615234375,
          1676.3204345703125
        ],
        "top_right": [
          2116.0458984375,
          2445.62353515625
        ],
        "bottom_right": [
          1721.0,
          2399.0
        ],
        "bottom_left": [
          1768.3056640625,
          1692.8052978515625
        ]
      }
    },
    {
      "id": "display_5",
      "complete": true,
      "missing_corners": [],
      "corners": {
        "top_left": [
          0.5275897475146742,
          0.35033719501798116
        ],
        "top_right": [
          0.49949496637576474,
          0.3567967187790644
        ],
        "bottom_right": [
          0.2501226152692522,
          0.36857159932454425
        ],
        "bottom_left": [
          0.4457082193364542,
          0.262402337694925
        ]
      },
      "corner_points": {
        "top_left": [
          1595.431396484375,
          1412.5595703125
        ],
        "top_right": [
          1510.4727783203125,
          1438.6043701171875
        ],
        "bottom_right": [
          756.3707885742188,
          1486.0806884765625
        ],
        "bottom_left": [
          1347.8216552734375,
          1058.0062255859375
        ]
      }
    }
  ]
}