{
  "captured_at": "2026-06-20T14:16:56",
  "source_filename": "image.jpg",
  "corner_mode": "outer",
  "image_size": {
    "width": 3024,
    "height": 4032
  },
  "dictionary": "DICT_4X4_50",
  "marker_count": 21,
  "uv_bounds": {
    "min_x": 596.1413116455078,
    "min_y": -49.081156921386736,
    "max_x": 2276.5171966552734,
    "max_y": 3979.9295761108397
  },
  "displays": [
    {
      "id": "display_1",
      "complete": false,
      "missing_corners": [
        "top_left",
        "top_right",
        "bottom_right",
        "bottom_left"
      ],
      "corners": null,
      "corner_points": {}
    },
    {
      "id": "display_2",
      "complete": true,
      "missing_corners": [],
      "corners": {
        "top_left": [
          0.6585617469101356,
          0.03324794012402731
        ],
        "top_right": [
          0.7154926118396577,
          0.19508482917906747
        ],
        "bottom_right": [
          0.5536195866014592,
          0.24765801808190724
        ],
        "bottom_left": [
          0.4997062884941303,
          0.09934479092794751
        ]
      },
      "corner_points": {
        "top_left": [
          1991.49072265625,
          134.05569458007812
        ],
        "top_right": [
          2163.649658203125,
          786.58203125
        ],
        "bottom_right": [
          1674.1456298828125,
          998.55712890625
        ],
        "bottom_left": [
          1511.11181640625,
          400.5581970214844
        ]
      }
    },
    {
      "id": "display_3",
      "complete": true,
      "missing_corners": [],
      "corners": {
        "top_left": [
          0.7275583580057458,
          0.7077117193312872
        ],
        "top_right": [
          0.5841948494078621,
          0.9416648622543092
        ],
        "bottom_right": [
          0.43260148467210235,
          0.8526028829907614
        ],
        "bottom_left": [
          0.5686870756603423,
          0.6450397552005829
        ]
      },
      "corner_points": {
        "top_left": [
          2200.136474609375,
          2853.49365234375
        ],
        "top_right": [
          1766.605224609375,
          3796.792724609375
        ],
        "bottom_right": [
          1308.1868896484375,
          3437.69482421875
        ],
        "bottom_left": [
          1719.709716796875,
          2600.80029296875
        ]
      }
    },
    {
      "id": "display_4",
      "complete": true,
      "missing_corners": [],
      "corners": {
        "top_left": [
          0.5511047121078249,
          0.5047066098167783
        ],
        "top_right": [
          0.5589612930540054,
          0.3264868600027902
        ],
        "bottom_right": [
          0.6808862433862434,
          0.33779761904761907
        ],
        "bottom_left": [
          0.6732804232804233,
          0.5084325396825397
        ]
      },
      "corner_points": {
        "top_left": [
          1666.5406494140625,
          2034.97705078125
        ],
        "top_right": [
          1690.2989501953125,
          1316.39501953125
        ],
        "bottom_right": [
          2059.0,
          1362.0
        ],
        "bottom_left": [
          2036.0,
          2050.0
        ]
      }
    },
    {
      "id": "display_5",
      "complete": true,
      "missing_corners": [],
      "corners": {
        "top_left": [
          0.48517907359612683,
          0.43836866106305805
        ],
        "top_right": [
          0.5664104481853506,
          0.48257122342548675
        ],
        "bottom_right": [
          0.22239485241117932,
          0.3244569869268508
        ],
        "bottom_left": [
          0.4801142859080481,
          0.33218401954287574
        ]
      },
      "corner_points": {
        "top_left": [
          1467.1815185546875,
          1767.50244140625
        ],
        "top_right": [
          1712.8251953125,
          1945.7271728515625
        ],
        "bottom_right": [
          672.5220336914062,
          1308.2105712890625
        ],
        "bottom_left": [
          1451.8656005859375,
          1339.365966796875
        ]
      }
    }
  ]
}