{
  "captured_at": "2026-06-20T13:04:19",
  "source_filename": "image.jpg",
  "corner_mode": "outer",
  "image_size": {
    "width": 4032,
    "height": 3024
  },
  "dictionary": "DICT_4X4_50",
  "marker_count": 12,
  "displays": [
    {
      "id": "display_1",
      "complete": true,
      "missing_corners": [],
      "corners": {
        "top_left": [
          0.6912802438887339,
          0.5183974573851893
        ],
        "top_right": [
          0.9216338869125124,
          0.5512776450505332
        ],
        "bottom_right": [
          0.9160505627828931,
          0.7194192876260748
        ],
        "bottom_left": [
          0.6768618992396763,
          0.6679295131138393
        ]
      },
      "corner_points": {
        "top_left": [
          2787.241943359375,
          1567.6339111328125
        ],
        "top_right": [
          3716.02783203125,
          1667.0635986328125
        ],
        "bottom_right": [
          3693.515869140625,
          2175.52392578125
        ],
        "bottom_left": [
          2729.107177734375,
          2019.81884765625
        ]
      }
    },
    {
      "id": "display_2",
      "complete": true,
      "missing_corners": [],
      "corners": {
        "top_left": [
          0.04655033066159203,
          0.5700933870184358
        ],
        "top_right": [
          0.2710238259936136,
          0.5126038808671255
        ],
        "bottom_right": [
          0.2974975828140501,
          0.6523042709108383
        ],
        "bottom_left": [
          0.06979840899270678,
          0.7320184455346809
        ]
      },
      "corner_points": {
        "top_left": [
          187.69093322753906,
          1723.96240234375
        ],
        "top_right": [
          1092.76806640625,
          1550.1141357421875
        ],
        "bottom_right": [
          1199.51025390625,
          1972.568115234375
        ],
        "bottom_left": [
          281.42718505859375,
          2213.623779296875
        ]
      }
    },
    {
      "id": "display_3",
      "complete": true,
      "missing_corners": [],
      "corners": {
        "top_left": [
          0.3687967270139664,
          0.4272658736617477
        ],
        "top_right": [
          0.5699306064181857,
          0.41640549109726355
        ],
        "bottom_right": [
          0.5800448826381138,
          0.5733714431681961
        ],
        "bottom_left": [
          0.37046480935717385,
          0.5880304972330729
        ]
      },
      "corner_points": {
        "top_left": [
          1486.9884033203125,
          1292.052001953125
        ],
        "top_right": [
          2297.960205078125,
          1259.210205078125
        ],
        "bottom_right": [
          2338.740966796875,
          1733.875244140625
        ],
        "bottom_left": [
          1493.714111328125,
          1778.2042236328125
        ]
      }
    }
  ]
}