{
  "captured_at": "2026-06-20T13:34:18",
  "source_filename": "image.jpg",
  "corner_mode": "outer",
  "image_size": {
    "width": 4032,
    "height": 3024
  },
  "dictionary": "DICT_4X4_50",
  "marker_count": 20,
  "displays": [
    {
      "id": "display_1",
      "complete": true,
      "missing_corners": [],
      "corners": {
        "top_left": [
          0.7620548066638765,
          0.5018427611658813
        ],
        "top_right": [
          0.9617331368582589,
          0.5691861753110532
        ],
        "bottom_right": [
          0.9044407435825893,
          0.7211494243964947
        ],
        "bottom_left": [
          0.7105654761904762,
          0.6207010582010583
        ]
      },
      "corner_points": {
        "top_left": [
          3072.60498046875,
          1517.572509765625
        ],
        "top_right": [
          3877.7080078125,
          1721.218994140625
        ],
        "bottom_right": [
          3646.705078125,
          2180.755859375
        ],
        "bottom_left": [
          2865.0,
          1877.0
        ]
      }
    },
    {
      "id": "display_2",
      "complete": true,
      "missing_corners": [],
      "corners": {
        "top_left": [
          0.36122340247744605,
          0.477000806697462
        ],
        "top_right": [
          0.5387010120210194,
          0.4416851063884755
        ],
        "bottom_right": [
          0.5892647637261285,
          0.5915747344809235
        ],
        "bottom_left": [
          0.4137825133308532,
          0.6644878084697421
        ]
      },
      "corner_points": {
        "top_left": [
          1456.4527587890625,
          1442.450439453125
        ],
        "top_right": [
          2172.04248046875,
          1335.65576171875
        ],
        "bottom_right": [
          2375.91552734375,
          1788.9219970703125
        ],
        "bottom_left": [
          1668.37109375,
          2009.4111328125
        ]
      }
    },
    {
      "id": "display_3",
      "complete": true,
      "missing_corners": [],
      "corners": {
        "top_left": [
          0.6023455423022074,
          0.5632848991918816
        ],
        "top_right": [
          0.5970367552742125,
          0.35129405834056715
        ],
        "bottom_right": [
          0.6847718253968254,
          0.3468915343915344
        ],
        "bottom_left": [
          0.6885049608018663,
          0.5558778470155423
        ]
      },
      "corner_points": {
        "top_left": [
          2428.6572265625,
          1703.37353515625
        ],
        "top_right": [
          2407.252197265625,
          1062.313232421875
        ],
        "bottom_right": [
          2761.0,
          1049.0
        ],
        "bottom_left": [
          2776.052001953125,
          1680.974609375
        ]
      }
    },
    {
      "id": "display_4",
      "complete": true,
      "missing_corners": [],
      "corners": {
        "top_left": [
          0.10088499008663117,
          0.4211589671947338
        ],
        "top_right": [
          0.2561785380045573,
          0.41211373465401785
        ],
        "bottom_right": [
          0.2749460008409288,
          0.5593603628653067
        ],
        "bottom_left": [
          0.11440700197976733,
          0.5850262919431011
        ]
      },
      "corner_points": {
        "top_left": [
          406.7682800292969,
          1273.584716796875
        ],
        "top_right": [
          1032.911865234375,
          1246.23193359375
        ],
        "bottom_right": [
          1108.582275390625,
          1691.5057373046875
        ],
        "bottom_left": [
          461.2890319824219,
          1769.1195068359375
        ]
      }
    }
  ]
}