{
  "captured_at": "2026-06-20T13:30:07",
  "source_filename": "image.jpg",
  "corner_mode": "outer",
  "image_size": {
    "width": 4032,
    "height": 3024
  },
  "dictionary": "DICT_4X4_100",
  "marker_count": 13,
  "displays": [
    {
      "id": "display_1",
      "complete": true,
      "missing_corners": [],
      "corners": {
        "top_left": [
          0.6666500757610987,
          0.5760151696583581
        ],
        "top_right": [
          0.9469496711852059,
          0.5922206091502357
        ],
        "bottom_right": [
          0.9643785991365947,
          0.8187257474061673
        ],
        "bottom_left": [
          0.6716269841269841,
          0.8039021164021164
        ]
      },
      "corner_points": {
        "top_left": [
          2687.93310546875,
          1741.869873046875
        ],
        "top_right": [
          3818.10107421875,
          1790.8751220703125
        ],
        "bottom_right": [
          3888.37451171875,
          2475.82666015625
        ],
        "bottom_left": [
          2708.0,
          2431.0
        ]
      }
    },
    {
      "id": "display_2",
      "complete": true,
      "missing_corners": [],
      "corners": {
        "top_left": [
          0.06411317795042008,
          0.4570850998005539
        ],
        "top_right": [
          0.3743112352159288,
          0.3996942913721478
        ],
        "bottom_right": [
          0.4156862289186508,
          0.608654365337715
        ],
        "bottom_left": [
          0.10723475047520228,
          0.7194472217055224
        ]
      },
      "corner_points": {
        "top_left": [
          258.50433349609375,
          1382.225341796875
        ],
        "top_right": [
          1509.222900390625,
          1208.675537109375
        ],
        "bottom_right": [
          1676.046875,
          1840.57080078125
        ],
        "bottom_left": [
          432.3705139160156,
          2175.6083984375
        ]
      }
    },
    {
      "id": "display_3",
      "complete": true,
      "missing_corners": [],
      "corners": {
        "top_left": [
          0.4882663242400639,
          0.5539829314701141
        ],
        "top_right": [
          0.4892180912078373,
          0.27924893898938696
        ],
        "bottom_right": [
          0.6130952380952381,
          0.27843915343915343
        ],
        "bottom_left": [
          0.6021825396825397,
          0.5539021164021164
        ]
      },
      "corner_points": {
        "top_left": [
          1968.6898193359375,
          1675.244384765625
        ],
        "top_right": [
          1972.52734375,
          844.4487915039062
        ],
        "bottom_right": [
          2472.0,
          842.0
        ],
        "bottom_left": [
          2428.0,
          1675.0
        ]
      }
    }
  ]
}