{
  "captured_at": "2026-06-20T14:06:55",
  "source_filename": "image.jpg",
  "corner_mode": "outer",
  "image_size": {
    "width": 4032,
    "height": 3024
  },
  "dictionary": "DICT_4X4_50",
  "marker_count": 13,
  "uv_bounds": {
    "min_x": 117.02256469726561,
    "min_y": 746.6849426269531,
    "max_x": 4005.8291198730467,
    "max_y": 2122.5388122558593
  },
  "displays": [
    {
      "id": "display_1",
      "complete": true,
      "missing_corners": [],
      "corners": {
        "top_left": [
          0.19718548608204675,
          0.40513316159525875
        ],
        "top_right": [
          0.2724929688468812,
          0.5563939816106565
        ],
        "bottom_right": [
          0.11259920634920635,
          0.6812169312169312
        ],
        "bottom_left": [
          0.07286371503557477,
          0.4949276636517237
        ]
      },
      "corner_points": {
        "top_left": [
          795.0518798828125,
          1225.1226806640625
        ],
        "top_right": [
          1098.691650390625,
          1682.535400390625
        ],
        "bottom_right": [
          454.0,
          2060.0
        ],
        "bottom_left": [
          293.7864990234375,
          1496.6612548828125
        ]
      }
    },
    {
      "id": "display_2",
      "complete": true,
      "missing_corners": [],
      "corners": {
        "top_left": [
          0.30508946615552146,
          0.327824385708602
        ],
        "top_right": [
          0.5111879621233258,
          0.27688427072353466
        ],
        "bottom_right": [
          0.5453869047619048,
          0.43022486772486773
        ],
        "bottom_left": [
          0.34598214285714285,
          0.5026455026455027
        ]
      },
      "corner_points": {
        "top_left": [
          1230.1207275390625,
          991.3409423828125
        ],
        "top_right": [
          2061.10986328125,
          837.2980346679688
        ],
        "bottom_right": [
          2199.0,
          1301.0
        ],
        "bottom_left": [
          1395.0,
          1520.0
        ]
      }
    },
    {
      "id": "display_3",
      "complete": true,
      "missing_corners": [],
      "corners": {
        "top_left": [
          0.6476286025274367,
          0.2676004480432581
        ],
        "top_right": [
          0.949668944828094,
          0.3316559564499628
        ],
        "bottom_right": [
          0.8959227667914497,
          0.5731475668609458
        ],
        "bottom_left": [
          0.593344491625589,
          0.4665240333193824
        ]
      },
      "corner_points": {
        "top_left": [
          2611.238525390625,
          809.2237548828125
        ],
        "top_right": [
          3829.065185546875,
          1002.9276123046875
        ],
        "bottom_right": [
          3612.360595703125,
          1733.1982421875
        ],
        "bottom_left": [
          2392.364990234375,
          1410.7686767578125
        ]
      }
    }
  ]
}