{
  "captured_at": "2026-06-20T13:30:58",
  "source_filename": "image.jpg",
  "corner_mode": "outer",
  "image_size": {
    "width": 4032,
    "height": 3024
  },
  "dictionary": "DICT_4X4_50",
  "marker_count": 12,
  "displays": [
    {
      "id": "display_1",
      "complete": true,
      "missing_corners": [],
      "corners": {
        "top_left": [
          0.6755377148825025,
          0.4485998002309648
        ],
        "top_right": [
          0.9343374948652964,
          0.6450027788757647
        ],
        "bottom_right": [
          0.7930041721888951,
          0.884501058588583
        ],
        "bottom_left": [
          0.5812528701055617,
          0.6179334852430556
        ]
      },
      "corner_points": {
        "top_left": [
          2723.76806640625,
          1356.5657958984375
        ],
        "top_right": [
          3767.248779296875,
          1950.4884033203125
        ],
        "bottom_right": [
          3197.392822265625,
          2674.731201171875
        ],
        "bottom_left": [
          2343.611572265625,
          1868.630859375
        ]
      }
    },
    {
      "id": "display_2",
      "complete": true,
      "missing_corners": [],
      "corners": {
        "top_left": [
          0.05507639097788977,
          0.3805526248992436
        ],
        "top_right": [
          0.3856670440189422,
          0.3232719179183718
        ],
        "bottom_right": [
          0.430476809304858,
          0.5466581879469453
        ],
        "bottom_left": [
          0.1010424296061198,
          0.654747897355014
        ]
      },
      "corner_points": {
        "top_left": [
          222.06800842285156,
          1150.7911376953125
        ],
        "top_right": [
          1555.009521484375,
          977.5742797851562
        ],
        "bottom_right": [
          1735.6824951171875,
          1653.0943603515625
        ],
        "bottom_left": [
          407.403076171875,
          1979.9576416015625
        ]
      }
    },
    {
      "id": "display_3",
      "complete": false,
      "missing_corners": [
        "bottom_left"
      ],
      "corners": null,
      "corner_points": {
        "top_left": [
          2068.79150390625,
          1491.338134765625
        ],
        "top_right": [
          2059.54443359375,
          576.6465454101562
        ],
        "bottom_right": [
          2611.0,
          563.0
        ]
      }
    }
  ]
}