{
  "captured_at": "2026-06-20T13:26:49",
  "source_filename": "image.jpg",
  "corner_mode": "outer",
  "image_size": {
    "width": 4032,
    "height": 3024
  },
  "dictionary": "DICT_4X4_50",
  "marker_count": 12,
  "displays": [
    {
      "id": "display_1",
      "complete": true,
      "missing_corners": [],
      "corners": {
        "top_left": [
          0.7134999471997457,
          0.3725628726696842
        ],
        "top_right": [
          0.958565908765036,
          0.43857949877542163
        ],
        "bottom_right": [
          0.9096651228647383,
          0.6202900800755415
        ],
        "bottom_left": [
          0.6657389686221168,
          0.5223845628203538
        ]
      },
      "corner_points": {
        "top_left": [
          2876.831787109375,
          1126.630126953125
        ],
        "top_right": [
          3864.937744140625,
          1326.264404296875
        ],
        "bottom_right": [
          3667.769775390625,
          1875.7572021484375
        ],
        "bottom_left": [
          2684.259521484375,
          1579.69091796875
        ]
      }
    },
    {
      "id": "display_2",
      "complete": true,
      "missing_corners": [],
      "corners": {
        "top_left": [
          0.3827698722718254,
          0.2984235450704262
        ],
        "top_right": [
          0.6156934102376302,
          0.29350498744419645
        ],
        "bottom_right": [
          0.624587164984809,
          0.4772671492642196
        ],
        "bottom_left": [
          0.3852823045518663,
          0.48588008981533154
        ]
      },
      "corner_points": {
        "top_left": [
          1543.328125,
          902.4328002929688
        ],
        "top_right": [
          2482.475830078125,
          887.55908203125
        ],
        "bottom_right": [
          2518.33544921875,
          1443.255859375
        ],
        "bottom_left": [
          1553.458251953125,
          1469.3013916015625
        ]
      }
    },
    {
      "id": "display_3",
      "complete": true,
      "missing_corners": [],
      "corners": {
        "top_left": [
          0.0190021518677,
          0.4371161889777612
        ],
        "top_right": [
          0.28148978097098215,
          0.3854551769438244
        ],
        "bottom_right": [
          0.3159097943987165,
          0.5508925422789559
        ],
        "bottom_left": [
          0.05052208143567282,
          0.6311040807653356
        ]
      },
      "corner_points": {
        "top_left": [
          76.6166763305664,
          1321.83935546875
        ],
        "top_right": [
          1134.966796875,
          1165.616455078125
        ],
        "bottom_right": [
          1273.748291015625,
          1665.8990478515625
        ],
        "bottom_left": [
          203.7050323486328,
          1908.458740234375
        ]
      }
    }
  ]
}