{
  "captured_at": "2026-06-20T13:36:47",
  "source_filename": "image.jpg",
  "corner_mode": "outer",
  "image_size": {
    "width": 4032,
    "height": 3024
  },
  "dictionary": "DICT_4X4_50",
  "marker_count": 20,
  "displays": [
    {
      "id": "display_1",
      "complete": true,
      "missing_corners": [],
      "corners": {
        "top_left": [
          0.7109508817158048,
          0.3610301345744461
        ],
        "top_right": [
          0.8836575462704613,
          0.33547000784091846
        ],
        "bottom_right": [
          0.8851686507936508,
          0.4623015873015873
        ],
        "bottom_left": [
          0.7067998250325521,
          0.4734392519350405
        ]
      },
      "corner_points": {
        "top_left": [
          2866.553955078125,
          1091.755126953125
        ],
        "top_right": [
          3562.9072265625,
          1014.4613037109375
        ],
        "bottom_right": [
          3569.0,
          1398.0
        ],
        "bottom_left": [
          2849.81689453125,
          1431.6802978515625
        ]
      }
    },
    {
      "id": "display_2",
      "complete": true,
      "missing_corners": [],
      "corners": {
        "top_left": [
          0.36008928692530073,
          0.6631349028733672
        ],
        "top_right": [
          0.5129854716951885,
          0.6320715202856316
        ],
        "bottom_right": [
          0.5599910191127232,
          0.7677496047247023
        ],
        "bottom_left": [
          0.4030058421785869,
          0.8317519092055224
        ]
      },
      "corner_points": {
        "top_left": [
          1451.8800048828125,
          2005.3199462890625
        ],
        "top_right": [
          2068.357421875,
          1911.38427734375
        ],
        "bottom_right": [
          2257.8837890625,
          2321.6748046875
        ],
        "bottom_left": [
          1624.9195556640625,
          2515.2177734375
        ]
      }
    },
    {
      "id": "display_3",
      "complete": true,
      "missing_corners": [],
      "corners": {
        "top_left": [
          0.5732740371946304,
          0.7449487756799769
        ],
        "top_right": [
          0.5614831107003349,
          0.5547267772533275
        ],
        "bottom_right": [
          0.6356646825396826,
          0.5509259259259259
        ],
        "bottom_left": [
          0.6502976190476191,
          0.7371031746031746
        ]
      },
      "corner_points": {
        "top_left": [
          2311.44091796875,
          2252.72509765625
        ],
        "top_right": [
          2263.89990234375,
          1677.4937744140625
        ],
        "bottom_right": [
          2563.0,
          1666.0
        ],
        "bottom_left": [
          2622.0,
          2229.0
        ]
      }
    },
    {
      "id": "display_4",
      "complete": true,
      "missing_corners": [],
      "corners": {
        "top_left": [
          0.1315680609809028,
          0.6217016795324901
        ],
        "top_right": [
          0.26575469970703125,
          0.6122975425114707
        ],
        "bottom_right": [
          0.276679447719029,
          0.7450988608062583
        ],
        "bottom_left": [
          0.13464844416058253,
          0.7682441025183945
        ]
      },
      "corner_points": {
        "top_left": [
          530.482421875,
          1880.02587890625
        ],
        "top_right": [
          1071.52294921875,
          1851.5877685546875
        ],
        "bottom_right": [
          1115.571533203125,
          2253.178955078125
        ],
        "bottom_left": [
          542.9025268554688,
          2323.170166015625
        ]
      }
    }
  ]
}