{
  "captured_at": "2026-06-20T13:07:28",
  "source_filename": "image.jpg",
  "corner_mode": "outer",
  "image_size": {
    "width": 4032,
    "height": 3024
  },
  "dictionary": "DICT_4X4_50",
  "marker_count": 16,
  "displays": [
    {
      "id": "display_1",
      "complete": true,
      "missing_corners": [],
      "corners": {
        "top_left": [
          0.016211210735260495,
          0.4716809792493386
        ],
        "top_right": [
          0.21314879826136998,
          0.4306099704964451
        ],
        "bottom_right": [
          0.23020411294604104,
          0.5447629494641824
        ],
        "bottom_left": [
          0.030331437549893817,
          0.596878657265315
        ]
      },
      "corner_points": {
        "top_left": [
          65.36360168457031,
          1426.36328125
        ],
        "top_right": [
          859.4159545898438,
          1302.16455078125
        ],
        "bottom_right": [
          928.1829833984375,
          1647.3631591796875
        ],
        "bottom_left": [
          122.29635620117188,
          1804.9610595703125
        ]
      }
    },
    {
      "id": "display_2",
      "complete": true,
      "missing_corners": [],
      "corners": {
        "top_left": [
          0.259745855180044,
          0.5028035804708167
        ],
        "top_right": [
          0.40607770284016925,
          0.47956892548414765
        ],
        "bottom_right": [
          0.41587481423029826,
          0.5818724859328497
        ],
        "bottom_left": [
          0.2652960883246528,
          0.610223719682643
        ]
      },
      "corner_points": {
        "top_left": [
          1047.2952880859375,
          1520.47802734375
        ],
        "top_right": [
          1637.3052978515625,
          1450.2164306640625
        ],
        "bottom_right": [
          1676.8072509765625,
          1759.5823974609375
        ],
        "bottom_left": [
          1069.673828125,
          1845.3165283203125
        ]
      }
    },
    {
      "id": "display_3",
      "complete": true,
      "missing_corners": [],
      "corners": {
        "top_left": [
          0.48203795296805246,
          0.42182926399997933
        ],
        "top_right": [
          0.6422272334023128,
          0.4221920437282986
        ],
        "bottom_right": [
          0.6374638269818018,
          0.5540316546404803
        ],
        "bottom_left": [
          0.4726204342312283,
          0.5444276194093088
        ]
      },
      "corner_points": {
        "top_left": [
          1943.5770263671875,
          1275.6116943359375
        ],
        "top_right": [
          2589.460205078125,
          1276.708740234375
        ],
        "bottom_right": [
          2570.254150390625,
          1675.3917236328125
        ],
        "bottom_left": [
          1905.6055908203125,
          1646.34912109375
        ]
      }
    },
    {
      "id": "display_4",
      "complete": true,
      "missing_corners": [],
      "corners": {
        "top_left": [
          0.7203940739707341,
          0.5130743601965526
        ],
        "top_right": [
          0.9092212253146701,
          0.5701970499028605
        ],
        "bottom_right": [
          0.8734517778669085,
          0.7146147066953952
        ],
        "bottom_left": [
          0.6871326991489956,
          0.6319771822167453
        ]
      },
      "corner_points": {
        "top_left": [
          2904.62890625,
          1551.536865234375
        ],
        "top_right": [
          3665.97998046875,
          1724.27587890625
        ],
        "bottom_right": [
          3521.757568359375,
          2160.994873046875
        ],
        "bottom_left": [
          2770.51904296875,
          1911.0989990234375
        ]
      }
    }
  ]
}