{
  "captured_at": "2026-06-20T13:50:01",
  "source_filename": "image.jpg",
  "corner_mode": "outer",
  "image_size": {
    "width": 4032,
    "height": 3024
  },
  "dictionary": "DICT_4X4_50",
  "marker_count": 12,
  "uv_bounds": {
    "min_x": 151.20137939453124,
    "min_y": 979.1339599609375,
    "max_x": 3952.771032714844,
    "max_y": 2523.8782470703127
  },
  "displays": [
    {
      "id": "display_1",
      "complete": true,
      "missing_corners": [],
      "corners": {
        "top_left": [
          0.32902484469943577,
          0.41724508780020253
        ],
        "top_right": [
          0.5496812850709946,
          0.4099794418092758
        ],
        "bottom_right": [
          0.5532904730902778,
          0.584115326089203
        ],
        "bottom_left": [
          0.3157625652494885,
          0.5893894579044725
        ]
      },
      "corner_points": {
        "top_left": [
          1326.628173828125,
          1261.7491455078125
        ],
        "top_right": [
          2216.31494140625,
          1239.77783203125
        ],
        "bottom_right": [
          2230.8671875,
          1766.36474609375
        ],
        "bottom_left": [
          1273.1546630859375,
          1782.313720703125
        ]
      }
    },
    {
      "id": "display_2",
      "complete": true,
      "missing_corners": [],
      "corners": {
        "top_left": [
          0.7091157701280382,
          0.7154386005704365
        ],
        "top_right": [
          0.7562514411078559,
          0.3470071459573413
        ],
        "bottom_right": [
          0.937493157765222,
          0.3690566612929894
        ],
        "bottom_left": [
          0.8661603776235429,
          0.8113963616588128
        ]
      },
      "corner_points": {
        "top_left": [
          2859.15478515625,
          2163.486328125
        ],
        "top_right": [
          3049.205810546875,
          1049.349609375
        ],
        "bottom_right": [
          3779.972412109375,
          1116.02734375
        ],
        "bottom_left": [
          3492.358642578125,
          2453.66259765625
        ]
      }
    },
    {
      "id": "display_3",
      "complete": true,
      "missing_corners": [],
      "corners": {
        "top_left": [
          0.09155597384013826,
          0.44944141529224535
        ],
        "top_right": [
          0.26787418789333767,
          0.4383884006076389
        ],
        "bottom_right": [
          0.2648809523809524,
          0.5618386243386243
        ],
        "bottom_left": [
          0.08035714285714286,
          0.5763888888888888
        ]
      },
      "corner_points": {
        "top_left": [
          369.1536865234375,
          1359.11083984375
        ],
        "top_right": [
          1080.0687255859375,
          1325.6865234375
        ],
        "bottom_right": [
          1068.0,
          1699.0
        ],
        "bottom_left": [
          324.0,
          1743.0
        ]
      }
    }
  ]
}