{
  "captured_at": "2026-06-20T13:08:27",
  "source_filename": "image.jpg",
  "corner_mode": "outer",
  "image_size": {
    "width": 4032,
    "height": 3024
  },
  "dictionary": "DICT_4X4_50",
  "marker_count": 17,
  "displays": [
    {
      "id": "display_1",
      "complete": false,
      "missing_corners": [
        "top_left",
        "bottom_left"
      ],
      "corners": null,
      "corner_points": {
        "top_right": [
          76.4752426147461,
          1462.8792724609375
        ],
        "bottom_right": [
          290.9248962402344,
          1911.274658203125
        ]
      }
    },
    {
      "id": "display_2",
      "complete": true,
      "missing_corners": [],
      "corners": {
        "top_left": [
          0.13353512779114737,
          0.5737051181692295
        ],
        "top_right": [
          0.3236979227217417,
          0.5396590459914434
        ],
        "bottom_right": [
          0.3428936912899926,
          0.662383548797123
        ],
        "bottom_left": [
          0.1491924770294674,
          0.7157438570860202
        ]
      },
      "corner_points": {
        "top_left": [
          538.4136352539062,
          1734.88427734375
        ],
        "top_right": [
          1305.1500244140625,
          1631.928955078125
        ],
        "bottom_right": [
          1382.54736328125,
          2003.0478515625
        ],
        "bottom_left": [
          601.5440673828125,
          2164.409423828125
        ]
      }
    },
    {
      "id": "display_3",
      "complete": true,
      "missing_corners": [],
      "corners": {
        "top_left": [
          0.40539284357948907,
          0.4732559042632895
        ],
        "top_right": [
          0.5797909933423239,
          0.4766922400741981
        ],
        "bottom_right": [
          0.5855685642787388,
          0.6131014546389302
        ],
        "bottom_left": [
          0.40254683721633183,
          0.6130597553555928
        ]
      },
      "corner_points": {
        "top_left": [
          1634.5439453125,
          1431.1258544921875
        ],
        "top_right": [
          2337.71728515625,
          1441.517333984375
        ],
        "bottom_right": [
          2361.012451171875,
          1854.018798828125
        ],
        "bottom_left": [
          1623.06884765625,
          1853.8927001953125
        ]
      }
    },
    {
      "id": "display_4",
      "complete": true,
      "missing_corners": [],
      "corners": {
        "top_left": [
          0.727752201140873,
          0.7298014807322669
        ],
        "top_right": [
          0.7615574428013393,
          0.48031987588872355
        ],
        "bottom_right": [
          0.8879284934392051,
          0.5130272517128597
        ],
        "bottom_left": [
          0.8424355037628658,
          0.7851640812303654
        ]
      },
      "corner_points": {
        "top_left": [
          2934.296875,
          2206.919677734375
        ],
        "top_right": [
          3070.599609375,
          1452.4873046875
        ],
        "bottom_right": [
          3580.127685546875,
          1551.3944091796875
        ],
        "bottom_left": [
          3396.699951171875,
          2374.336181640625
        ]
      }
    }
  ]
}