{
  "captured_at": "2026-06-20T14:05:01",
  "source_filename": "image.jpg",
  "corner_mode": "outer",
  "image_size": {
    "width": 4032,
    "height": 3024
  },
  "dictionary": "DICT_4X4_50",
  "marker_count": 13,
  "uv_bounds": {
    "min_x": -89.90076408386233,
    "min_y": 299.3448547363281,
    "max_x": 3961.3719020843505,
    "max_y": 2477.2426696777343
  },
  "displays": [
    {
      "id": "display_1",
      "complete": true,
      "missing_corners": [],
      "corners": {
        "top_left": [
          0.12984092651851595,
          0.3972336299835689
        ],
        "top_right": [
          0.29625925942072795,
          0.6106071270332134
        ],
        "bottom_right": [
          0.17955760350303043,
          0.7799609148943866
        ],
        "bottom_left": [
          0.02337499838026743,
          0.5424537456855572
        ]
      },
      "corner_points": {
        "top_left": [
          523.5186157226562,
          1201.2344970703125
        ],
        "top_right": [
          1194.517333984375,
          1846.4759521484375
        ],
        "bottom_right": [
          723.9762573242188,
          2358.601806640625
        ],
        "bottom_left": [
          94.24799346923828,
          1640.380126953125
        ]
      }
    },
    {
      "id": "display_2",
      "complete": true,
      "missing_corners": [],
      "corners": {
        "top_left": [
          0.4190611763605996,
          0.1317262599077174
        ],
        "top_right": [
          0.4391042013016958,
          0.4075824798099578
        ],
        "bottom_right": [
          0.30778769841269843,
          0.45601851851851855
        ],
        "bottom_left": [
          0.23483529166569786,
          0.18639280934813163
        ]
      },
      "corner_points": {
        "top_left": [
          1689.6546630859375,
          398.3402099609375
        ],
        "top_right": [
          1770.4681396484375,
          1232.5294189453125
        ],
        "bottom_right": [
          1241.0,
          1379.0
        ],
        "bottom_left": [
          946.8558959960938,
          563.65185546875
        ]
      }
    },
    {
      "id": "display_3",
      "complete": true,
      "missing_corners": [],
      "corners": {
        "top_left": [
          0.601263197641524,
          0.3401199421554646
        ],
        "top_right": [
          0.9368112957666791,
          0.5486593498754754
        ],
        "bottom_right": [
          0.8176755753774492,
          0.7864574452556631
        ],
        "bottom_left": [
          0.522231207953559,
          0.5663418240017362
        ]
      },
      "corner_points": {
        "top_left": [
          2424.293212890625,
          1028.522705078125
        ],
        "top_right": [
          3777.22314453125,
          1659.1458740234375
        ],
        "bottom_right": [
          3296.867919921875,
          2378.247314453125
        ],
        "bottom_left": [
          2105.63623046875,
          1712.61767578125
        ]
      }
    }
  ]
}