{
  "captured_at": "2026-06-20T13:49:47",
  "source_filename": "image.jpg",
  "corner_mode": "outer",
  "image_size": {
    "width": 4032,
    "height": 3024
  },
  "dictionary": "DICT_4X4_50",
  "marker_count": 12,
  "uv_bounds": {
    "min_x": 30.004174804687494,
    "min_y": 1065.9980163574219,
    "max_x": 4060.8000244140626,
    "max_y": 2287.0765686035156
  },
  "displays": [
    {
      "id": "display_1",
      "complete": true,
      "missing_corners": [],
      "corners": {
        "top_left": [
          0.33055372086782303,
          0.3924196435030175
        ],
        "top_right": [
          0.5476720900762648,
          0.37086692688957096
        ],
        "bottom_right": [
          0.5680965241931734,
          0.5352721441359747
        ],
        "bottom_left": [
          0.33900167071630083,
          0.5659465487041171
        ]
      },
      "corner_points": {
        "top_left": [
          1332.7926025390625,
          1186.677001953125
        ],
        "top_right": [
          2208.2138671875,
          1121.5015869140625
        ],
        "bottom_right": [
          2290.565185546875,
          1618.6629638671875
        ],
        "bottom_left": [
          1366.854736328125,
          1711.42236328125
        ]
      }
    },
    {
      "id": "display_2",
      "complete": true,
      "missing_corners": [],
      "corners": {
        "top_left": [
          0.6841592334565663,
          0.4752899654327877
        ],
        "top_right": [
          0.9617018926711309,
          0.5276664047644882
        ],
        "bottom_right": [
          0.9341721307663691,
          0.7379540337456597
        ],
        "bottom_left": [
          0.6480011107429625,
          0.646692225542018
        ]
      },
      "corner_points": {
        "top_left": [
          2758.530029296875,
          1437.27685546875
        ],
        "top_right": [
          3877.58203125,
          1595.6632080078125
        ],
        "bottom_right": [
          3766.58203125,
          2231.572998046875
        ],
        "bottom_left": [
          2612.740478515625,
          1955.5972900390625
        ]
      }
    },
    {
      "id": "display_3",
      "complete": true,
      "missing_corners": [],
      "corners": {
        "top_left": [
          0.05288248213510665,
          0.4437901734044312
        ],
        "top_right": [
          0.24762698582240514,
          0.41677719196945273
        ],
        "bottom_right": [
          0.25992063492063494,
          0.5439814814814815
        ],
        "bottom_left": [
          0.057958958640931146,
          0.5816617693219867
        ]
      },
      "corner_points": {
        "top_left": [
          213.22216796875,
          1342.021484375
        ],
        "top_right": [
          998.4320068359375,
          1260.334228515625
        ],
        "bottom_right": [
          1048.0,
          1645.0
        ],
        "bottom_left": [
          233.69052124023438,
          1758.9451904296875
        ]
      }
    }
  ]
}