{
  "captured_at": "2026-06-20T14:07:22",
  "source_filename": "image.jpg",
  "corner_mode": "outer",
  "image_size": {
    "width": 4032,
    "height": 3024
  },
  "dictionary": "DICT_4X4_50",
  "marker_count": 14,
  "uv_bounds": {
    "min_x": 93.34286193847655,
    "min_y": 817.7074737548828,
    "max_x": 4000.2812225341795,
    "max_y": 2237.3597259521484
  },
  "displays": [
    {
      "id": "display_1",
      "complete": true,
      "missing_corners": [],
      "corners": {
        "top_left": [
          0.18008309318905785,
          0.4339041331457713
        ],
        "top_right": [
          0.25124007936507936,
          0.5912698412698413
        ],
        "bottom_right": [
          0.11011904761904762,
          0.7172619047619048
        ],
        "bottom_left": [
          0.06719518086266896,
          0.5275781621377935
        ]
      },
      "corner_points": {
        "top_left": [
          726.0950317382812,
          1312.1260986328125
        ],
        "top_right": [
          1013.0,
          1788.0
        ],
        "bottom_right": [
          444.0,
          2169.0
        ],
        "bottom_left": [
          270.93096923828125,
          1595.3963623046875
        ]
      }
    },
    {
      "id": "display_2",
      "complete": true,
      "missing_corners": [],
      "corners": {
        "top_left": [
          0.2771615225171286,
          0.3615366617838542
        ],
        "top_right": [
          0.47603343781970797,
          0.29174507988823783
        ],
        "bottom_right": [
          0.5126488095238095,
          0.43816137566137564
        ],
        "bottom_left": [
          0.3226686507936508,
          0.5251322751322751
        ]
      },
      "corner_points": {
        "top_left": [
          1117.5152587890625,
          1093.286865234375
        ],
        "top_right": [
          1919.3668212890625,
          882.2371215820312
        ],
        "bottom_right": [
          2067.0,
          1325.0
        ],
        "bottom_left": [
          1301.0,
          1588.0
        ]
      }
    },
    {
      "id": "display_3",
      "complete": true,
      "missing_corners": [],
      "corners": {
        "top_left": [
          0.6329570951915923,
          0.33543325353551795
        ],
        "top_right": [
          0.9480885702466207,
          0.45330338251023067
        ],
        "bottom_right": [
          0.8602283417232452,
          0.7185284649884259
        ],
        "bottom_left": [
          0.5631038120814732,
          0.5430096419400008
        ]
      },
      "corner_points": {
        "top_left": [
          2552.0830078125,
          1014.3501586914062
        ],
        "top_right": [
          3822.693115234375,
          1370.7894287109375
        ],
        "bottom_right": [
          3468.440673828125,
          2172.830078125
        ],
        "bottom_left": [
          2270.4345703125,
          1642.0611572265625
        ]
      }
    }
  ]
}