{
  "captured_at": "2026-06-20T13:58:45",
  "source_filename": "image.jpg",
  "corner_mode": "outer",
  "image_size": {
    "width": 4032,
    "height": 3024
  },
  "dictionary": "DICT_4X4_50",
  "marker_count": 8,
  "uv_bounds": {
    "min_x": 837.8147613525391,
    "min_y": 615.9402496337891,
    "max_x": 3593.6691864013674,
    "max_y": 2497.2033660888674
  },
  "displays": [
    {
      "id": "display_1",
      "complete": true,
      "missing_corners": [],
      "corners": {
        "top_left": [
          0.6027825370667472,
          0.7733271361658813
        ],
        "top_right": [
          0.6085932898142982,
          0.2342640306583788
        ],
        "bottom_right": [
          0.8462539551750062,
          0.2319617094816985
        ],
        "bottom_left": [
          0.8602190169077071,
          0.7914094470796131
        ]
      },
      "corner_points": {
        "top_left": [
          2430.419189453125,
          2338.541259765625
        ],
        "top_right": [
          2453.84814453125,
          708.4144287109375
        ],
        "bottom_right": [
          3412.095947265625,
          701.4522094726562
        ],
        "bottom_left": [
          3468.403076171875,
          2393.22216796875
        ]
      }
    },
    {
      "id": "display_2",
      "complete": true,
      "missing_corners": [],
      "corners": {
        "top_left": [
          0.23885934315030538,
          0.7975169994212963
        ],
        "top_right": [
          0.2521061216081892,
          0.2685570893464265
        ],
        "bottom_right": [
          0.47128338283962673,
          0.2563305809384301
        ],
        "bottom_left": [
          0.4767119392516121,
          0.7942269945901538
        ]
      },
      "corner_points": {
        "top_left": [
          963.0808715820312,
          2411.69140625
        ],
        "top_right": [
          1016.4918823242188,
          812.1166381835938
        ],
        "bottom_right": [
          1900.214599609375,
          775.1436767578125
        ],
        "bottom_left": [
          1922.1025390625,
          2401.742431640625
        ]
      }
    },
    {
      "id": "display_3",
      "complete": false,
      "missing_corners": [
        "top_left",
        "top_right",
        "bottom_right",
        "bottom_left"
      ],
      "corners": null,
      "corner_points": {}
    }
  ]
}