{
  "captured_at": "2026-06-20T13:27:36",
  "source_filename": "image.jpg",
  "corner_mode": "outer",
  "image_size": {
    "width": 4032,
    "height": 3024
  },
  "dictionary": "DICT_4X4_50",
  "marker_count": 12,
  "displays": [
    {
      "id": "display_1",
      "complete": true,
      "missing_corners": [],
      "corners": {
        "top_left": [
          0.8265864054361979,
          0.6268181775612806
        ],
        "top_right": [
          0.8435019841269841,
          0.30423280423280424
        ],
        "bottom_right": [
          0.9354206266857329,
          0.3191176318617725
        ],
        "bottom_left": [
          0.890625,
          0.6917989417989417
        ]
      },
      "corner_points": {
        "top_left": [
          3332.79638671875,
          1895.4981689453125
        ],
        "top_right": [
          3401.0,
          920.0
        ],
        "bottom_right": [
          3771.615966796875,
          965.01171875
        ],
        "bottom_left": [
          3591.0,
          2092.0
        ]
      }
    },
    {
      "id": "display_2",
      "complete": true,
      "missing_corners": [],
      "corners": {
        "top_left": [
          0.3889285496303013,
          0.3994356185670883
        ],
        "top_right": [
          0.6077096727159288,
          0.3864216476521164
        ],
        "bottom_right": [
          0.6285955035497272,
          0.5540292326104704
        ],
        "bottom_left": [
          0.39549185737730963,
          0.5745565020848834
        ]
      },
      "corner_points": {
        "top_left": [
          1568.159912109375,
          1207.893310546875
        ],
        "top_right": [
          2450.285400390625,
          1168.5390625
        ],
        "bottom_right": [
          2534.4970703125,
          1675.3843994140625
        ],
        "bottom_left": [
          1594.6231689453125,
          1737.4588623046875
        ]
      }
    },
    {
      "id": "display_3",
      "complete": true,
      "missing_corners": [],
      "corners": {
        "top_left": [
          0.03529930114746094,
          0.5286478516916749
        ],
        "top_right": [
          0.2947599320184617,
          0.47869840753141535
        ],
        "bottom_right": [
          0.3288690476190476,
          0.6365740740740741
        ],
        "bottom_left": [
          0.06125815330989777,
          0.7227157512039104
        ]
      },
      "corner_points": {
        "top_left": [
          142.3267822265625,
          1598.631103515625
        ],
        "top_right": [
          1188.4720458984375,
          1447.583984375
        ],
        "bottom_right": [
          1326.0,
          1925.0
        ],
        "bottom_left": [
          246.9928741455078,
          2185.492431640625
        ]
      }
    }
  ]
}