{
  "captured_at": "2026-06-20T13:04:56",
  "source_filename": "image.jpg",
  "corner_mode": "outer",
  "image_size": {
    "width": 4032,
    "height": 3024
  },
  "dictionary": "DICT_4X4_50",
  "marker_count": 13,
  "displays": [
    {
      "id": "display_1",
      "complete": true,
      "missing_corners": [],
      "corners": {
        "top_left": [
          0.6850255330403646,
          0.4576027279808408
        ],
        "top_right": [
          0.9002695840502543,
          0.48990671470682456
        ],
        "bottom_right": [
          0.8858455476306734,
          0.6449844118148561
        ],
        "bottom_left": [
          0.6647936503092448,
          0.5929205758231026
        ]
      },
      "corner_points": {
        "top_left": [
          2762.02294921875,
          1383.7906494140625
        ],
        "top_right": [
          3629.886962890625,
          1481.4779052734375
        ],
        "bottom_right": [
          3571.729248046875,
          1950.432861328125
        ],
        "bottom_left": [
          2680.447998046875,
          1792.9918212890625
        ]
      }
    },
    {
      "id": "display_2",
      "complete": true,
      "missing_corners": [],
      "corners": {
        "top_left": [
          0.08816366347055586,
          0.5082367589234045
        ],
        "top_right": [
          0.2924014500209263,
          0.459126628895916
        ],
        "bottom_right": [
          0.3188333965483166,
          0.5874452944155093
        ],
        "bottom_left": [
          0.11212535888429671,
          0.6552996761584408
        ]
      },
      "corner_points": {
        "top_left": [
          355.47589111328125,
          1536.907958984375
        ],
        "top_right": [
          1178.962646484375,
          1388.39892578125
        ],
        "bottom_right": [
          1285.5362548828125,
          1776.4345703125
        ],
        "bottom_left": [
          452.0894470214844,
          1981.626220703125
        ]
      }
    },
    {
      "id": "display_3",
      "complete": true,
      "missing_corners": [],
      "corners": {
        "top_left": [
          0.3813353341723245,
          0.38143989522621113
        ],
        "top_right": [
          0.5712437705388145,
          0.369648363224413
        ],
        "bottom_right": [
          0.580916510687934,
          0.5169433916687335
        ],
        "bottom_left": [
          0.3846583290705605,
          0.5310658853520792
        ]
      },
      "corner_points": {
        "top_left": [
          1537.5440673828125,
          1153.4742431640625
        ],
        "top_right": [
          2303.2548828125,
          1117.816650390625
        ],
        "bottom_right": [
          2342.25537109375,
          1563.23681640625
        ],
        "bottom_left": [
          1550.9423828125,
          1605.9432373046875
        ]
      }
    }
  ]
}