{
  "captured_at": "2026-06-20T13:32:50",
  "source_filename": "image.jpg",
  "corner_mode": "outer",
  "image_size": {
    "width": 4032,
    "height": 3024
  },
  "dictionary": "DICT_4X4_50",
  "marker_count": 12,
  "displays": [
    {
      "id": "display_1",
      "complete": true,
      "missing_corners": [],
      "corners": {
        "top_left": [
          0.6832837301587301,
          0.458994708994709
        ],
        "top_right": [
          0.913599105108352,
          0.5575149778335814
        ],
        "bottom_right": [
          0.8357378036256821,
          0.7474637309079448
        ],
        "bottom_left": [
          0.6190476190476191,
          0.6021825396825397
        ]
      },
      "corner_points": {
        "top_left": [
          2755.0,
          1388.0
        ],
        "top_right": [
          3683.631591796875,
          1685.92529296875
        ],
        "bottom_right": [
          3369.69482421875,
          2260.330322265625
        ],
        "bottom_left": [
          2496.0,
          1821.0
        ]
      }
    },
    {
      "id": "display_2",
      "complete": true,
      "missing_corners": [],
      "corners": {
        "top_left": [
          0.21976307460239955,
          0.4186491385969535
        ],
        "top_right": [
          0.46248345147995723,
          0.5088424278945519
        ],
        "bottom_right": [
          0.3727000705779545,
          0.8167680205491484
        ],
        "bottom_left": [
          0.14124434334891184,
          0.6512694182219328
        ]
      },
      "corner_points": {
        "top_left": [
          886.084716796875,
          1265.9949951171875
        ],
        "top_right": [
          1864.7332763671875,
          1538.739501953125
        ],
        "bottom_right": [
          1502.7266845703125,
          2469.906494140625
        ],
        "bottom_left": [
          569.4971923828125,
          1969.438720703125
        ]
      }
    },
    {
      "id": "display_3",
      "complete": true,
      "missing_corners": [],
      "corners": {
        "top_left": [
          0.5199163527715773,
          0.5192699533290964
        ],
        "top_right": [
          0.5156606643918961,
          0.2686420824161913
        ],
        "bottom_right": [
          0.6234090290372334,
          0.26488167898995535
        ],
        "bottom_left": [
          0.6216865418449281,
          0.5126971693896742
        ]
      },
      "corner_points": {
        "top_left": [
          2096.302734375,
          1570.2723388671875
        ],
        "top_right": [
          2079.143798828125,
          812.3736572265625
        ],
        "bottom_right": [
          2513.585205078125,
          801.002197265625
        ],
        "bottom_left": [
          2506.64013671875,
          1550.396240234375
        ]
      }
    }
  ]
}