{
  "captured_at": "2026-06-20T14:17:34",
  "source_filename": "image.jpg",
  "corner_mode": "outer",
  "image_size": {
    "width": 3024,
    "height": 4032
  },
  "dictionary": "DICT_4X4_50",
  "marker_count": 16,
  "uv_bounds": {
    "min_x": 407.95875244140626,
    "min_y": -75.61696739196779,
    "max_x": 2102.8661987304686,
    "max_y": 4021.877686691284
  },
  "displays": [
    {
      "id": "display_1",
      "complete": true,
      "missing_corners": [],
      "corners": {
        "top_left": [
          0.49853846635768023,
          0.50035522097633
        ],
        "top_right": [
          0.5110293998920098,
          0.3197854662698413
        ],
        "bottom_right": [
          0.6357050093393477,
          0.33379612271747894
        ],
        "bottom_left": [
          0.623015873015873,
          0.5064484126984127
        ]
      },
      "corner_points": {
        "top_left": [
          1507.580322265625,
          2017.4322509765625
        ],
        "top_right": [
          1545.3529052734375,
          1289.375
        ],
        "bottom_right": [
          1922.3719482421875,
          1345.865966796875
        ],
        "bottom_left": [
          1884.0,
          2042.0
        ]
      }
    },
    {
      "id": "display_2",
      "complete": true,
      "missing_corners": [],
      "corners": {
        "top_left": [
          0.6178878703445354,
          0.027438687899756054
        ],
        "top_right": [
          0.6699156584563078,
          0.19078516581701854
        ],
        "bottom_right": [
          0.5075380436327092,
          0.2404622577485584
        ],
        "bottom_left": [
          0.45801568409753224,
          0.08991735700577025
        ]
      },
      "corner_points": {
        "top_left": [
          1868.492919921875,
          110.6327896118164
        ],
        "top_right": [
          2025.824951171875,
          769.2457885742188
        ],
        "bottom_right": [
          1534.7950439453125,
          969.5438232421875
        ],
        "bottom_left": [
          1385.0394287109375,
          362.5467834472656
        ]
      }
    },
    {
      "id": "display_3",
      "complete": true,
      "missing_corners": [],
      "corners": {
        "top_left": [
          0.4323341732933408,
          0.431256339663551
        ],
        "top_right": [
          0.16377174538910075,
          0.4264639899844215
        ],
        "bottom_right": [
          0.16038359788359788,
          0.30853174603174605
        ],
        "bottom_left": [
          0.4300062391493056,
          0.3231605650886657
        ]
      },
      "corner_points": {
        "top_left": [
          1307.3785400390625,
          1738.8255615234375
        ],
        "top_right": [
          495.2457580566406,
          1719.5028076171875
        ],
        "bottom_right": [
          485.0,
          1244.0
        ],
        "bottom_left": [
          1300.3388671875,
          1302.9833984375
        ]
      }
    },
    {
      "id": "display_4",
      "complete": true,
      "missing_corners": [],
      "corners": {
        "top_left": [
          0.6690112320834367,
          0.7087618509928385
        ],
        "top_right": [
          0.5147967868381076,
          0.9512966095455109
        ],
        "bottom_right": [
          0.3632691398499504,
          0.8580022539411273
        ],
        "bottom_left": [
          0.5118564020388972,
          0.6440294659326947
        ]
      },
      "corner_points": {
        "top_left": [
          2023.0899658203125,
          2857.727783203125
        ],
        "top_right": [
          1556.7454833984375,
          3835.6279296875
        ],
        "bottom_right": [
          1098.52587890625,
          3459.465087890625
        ],
        "bottom_left": [
          1547.853759765625,
          2596.726806640625
        ]
      }
    }
  ]
}