{
  "captured_at": "2026-06-20T13:34:51",
  "source_filename": "image.jpg",
  "corner_mode": "outer",
  "image_size": {
    "width": 4032,
    "height": 3024
  },
  "dictionary": "DICT_4X4_100",
  "marker_count": 22,
  "displays": [
    {
      "id": "display_1",
      "complete": true,
      "missing_corners": [],
      "corners": {
        "top_left": [
          0.7160750495062934,
          0.4727421916981854
        ],
        "top_right": [
          0.9597562154134115,
          0.498905928677352
        ],
        "bottom_right": [
          0.9637295556446862,
          0.67448485843719
        ],
        "bottom_left": [
          0.7052370101686508,
          0.6334220442191634
        ]
      },
      "corner_points": {
        "top_left": [
          2887.214599609375,
          1429.5723876953125
        ],
        "top_right": [
          3869.737060546875,
          1508.6915283203125
        ],
        "bottom_right": [
          3885.757568359375,
          2039.6422119140625
        ],
        "bottom_left": [
          2843.515625,
          1915.46826171875
        ]
      }
    },
    {
      "id": "display_2",
      "complete": true,
      "missing_corners": [],
      "corners": {
        "top_left": [
          0.256362793937562,
          0.4341001561079076
        ],
        "top_right": [
          0.4868371146065848,
          0.3972669732633722
        ],
        "bottom_right": [
          0.5319288950117808,
          0.5659000053607598
        ],
        "bottom_left": [
          0.29850432986304876,
          0.6415980909236525
        ]
      },
      "corner_points": {
        "top_left": [
          1033.65478515625,
          1312.7188720703125
        ],
        "top_right": [
          1962.92724609375,
          1201.3353271484375
        ],
        "bottom_right": [
          2144.7373046875,
          1711.2816162109375
        ],
        "bottom_left": [
          1203.5694580078125,
          1940.192626953125
        ]
      }
    },
    {
      "id": "display_3",
      "complete": true,
      "missing_corners": [],
      "corners": {
        "top_left": [
          0.5712983873155382,
          0.5322386322828828
        ],
        "top_right": [
          0.5679125104631696,
          0.29480236800259385
        ],
        "bottom_right": [
          0.671875,
          0.289021164021164
        ],
        "bottom_left": [
          0.6716269841269841,
          0.5271164021164021
        ]
      },
      "corner_points": {
        "top_left": [
          2303.47509765625,
          1609.4896240234375
        ],
        "top_right": [
          2289.8232421875,
          891.4823608398438
        ],
        "bottom_right": [
          2709.0,
          874.0
        ],
        "bottom_left": [
          2708.0,
          1594.0
        ]
      }
    },
    {
      "id": "display_4",
      "complete": true,
      "missing_corners": [],
      "corners": {
        "top_left": [
          0.03881315957932245,
          0.36985302476025134
        ],
        "top_right": [
          0.20156327504960317,
          0.3605806058046048
        ],
        "bottom_right": [
          0.212895877777584,
          0.515383241037843
        ],
        "bottom_left": [
          0.044301350911458336,
          0.5366108808567915
        ]
      },
      "corner_points": {
        "top_left": [
          156.49465942382812,
          1118.435546875
        ],
        "top_right": [
          812.703125,
          1090.395751953125
        ],
        "bottom_right": [
          858.3961791992188,
          1558.5189208984375
        ],
        "bottom_left": [
          178.623046875,
          1622.7113037109375
        ]
      }
    }
  ]
}