{
  "captured_at": "2026-06-20T14:05:51",
  "source_filename": "image.jpg",
  "corner_mode": "outer",
  "image_size": {
    "width": 4032,
    "height": 3024
  },
  "dictionary": "DICT_4X4_50",
  "marker_count": 14,
  "uv_bounds": {
    "min_x": -132.77506103515626,
    "min_y": 758.4258819580078,
    "max_x": 4086.2762817382813,
    "max_y": 2853.2052825927735
  },
  "displays": [
    {
      "id": "display_1",
      "complete": true,
      "missing_corners": [],
      "corners": {
        "top_left": [
          0.11720887441483754,
          0.5096157820767195
        ],
        "top_right": [
          0.30803002251519096,
          0.7253873310391865
        ],
        "bottom_right": [
          0.19865670279851036,
          0.9120330810546875
        ],
        "bottom_left": [
          0.014632936507936508,
          0.6729497354497355
        ]
      },
      "corner_points": {
        "top_left": [
          472.586181640625,
          1541.078125
        ],
        "top_right": [
          1241.97705078125,
          2193.5712890625
        ],
        "bottom_right": [
          800.9838256835938,
          2757.988037109375
        ],
        "bottom_left": [
          59.0,
          2035.0
        ]
      }
    },
    {
      "id": "display_2",
      "complete": true,
      "missing_corners": [],
      "corners": {
        "top_left": [
          0.25060172308058964,
          0.4471855769081721
        ],
        "top_right": [
          0.4792569781106616,
          0.282289393995174
        ],
        "bottom_right": [
          0.5230530632866753,
          0.4442878198371362
        ],
        "bottom_left": [
          0.3235522678920201,
          0.6104878824223917
        ]
      },
      "corner_points": {
        "top_left": [
          1010.4261474609375,
          1352.2891845703125
        ],
        "top_right": [
          1932.3641357421875,
          853.6431274414062
        ],
        "bottom_right": [
          2108.949951171875,
          1343.5263671875
        ],
        "bottom_left": [
          1304.562744140625,
          1846.1153564453125
        ]
      }
    },
    {
      "id": "display_3",
      "complete": true,
      "missing_corners": [],
      "corners": {
        "top_left": [
          0.6460215856158544,
          0.31005356803772943
        ],
        "top_right": [
          0.9658981202140687,
          0.4521891276041667
        ],
        "bottom_right": [
          0.8735452682252914,
          0.6814205432064319
        ],
        "bottom_left": [
          0.5828122941274492,
          0.5335485468465815
        ]
      },
      "corner_points": {
        "top_left": [
          2604.759033203125,
          937.6019897460938
        ],
        "top_right": [
          3894.501220703125,
          1367.419921875
        ],
        "bottom_right": [
          3522.134521484375,
          2060.61572265625
        ],
        "bottom_left": [
          2349.899169921875,
          1613.4508056640625
        ]
      }
    }
  ]
}