{
  "captured_at": "2026-06-20T13:37:13",
  "source_filename": "image.jpg",
  "corner_mode": "outer",
  "image_size": {
    "width": 4032,
    "height": 3024
  },
  "dictionary": "DICT_4X4_50",
  "marker_count": 22,
  "displays": [
    {
      "id": "display_1",
      "complete": true,
      "missing_corners": [],
      "corners": {
        "top_left": [
          0.7725694444444444,
          0.24867724867724866
        ],
        "top_right": [
          0.9900793650793651,
          0.23809523809523808
        ],
        "bottom_right": [
          0.979085710313585,
          0.37040524760251325
        ],
        "bottom_left": [
          0.7495077224004836,
          0.36555343708664023
        ]
      },
      "corner_points": {
        "top_left": [
          3115.0,
          752.0
        ],
        "top_right": [
          3992.0,
          720.0
        ],
        "bottom_right": [
          3947.673583984375,
          1120.10546875
        ],
        "bottom_left": [
          3022.01513671875,
          1105.43359375
        ]
      }
    },
    {
      "id": "display_2",
      "complete": true,
      "missing_corners": [],
      "corners": {
        "top_left": [
          0.24446610042027064,
          0.46002277999958663
        ],
        "top_right": [
          0.46277279324001735,
          0.4577442552677538
        ],
        "bottom_right": [
          0.5028417375352647,
          0.6155452829189402
        ],
        "bottom_left": [
          0.274921144757952,
          0.6575565640888517
        ]
      },
      "corner_points": {
        "top_left": [
          985.6873168945312,
          1391.10888671875
        ],
        "top_right": [
          1865.89990234375,
          1384.2186279296875
        ],
        "bottom_right": [
          2027.4578857421875,
          1861.408935546875
        ],
        "bottom_left": [
          1108.4820556640625,
          1988.4510498046875
        ]
      }
    },
    {
      "id": "display_3",
      "complete": true,
      "missing_corners": [],
      "corners": {
        "top_left": [
          0.5380846659342448,
          0.6001184857080853
        ],
        "top_right": [
          0.5383166964091952,
          0.377965250973979
        ],
        "bottom_right": [
          0.633093031625899,
          0.37941705612909227
        ],
        "bottom_left": [
          0.6329365079365079,
          0.6005291005291006
        ]
      },
      "corner_points": {
        "top_left": [
          2169.557373046875,
          1814.75830078125
        ],
        "top_right": [
          2170.492919921875,
          1142.9669189453125
        ],
        "bottom_right": [
          2552.631103515625,
          1147.357177734375
        ],
        "bottom_left": [
          2552.0,
          1816.0
        ]
      }
    },
    {
      "id": "display_4",
      "complete": true,
      "missing_corners": [],
      "corners": {
        "top_left": [
          0.021928647207835363,
          0.4067783254794973
        ],
        "top_right": [
          0.18407317570277623,
          0.4154221065460689
        ],
        "bottom_right": [
          0.18424751645042783,
          0.5620649226758846
        ],
        "bottom_left": [
          0.011007140553186811,
          0.5664165436275421
        ]
      },
      "corner_points": {
        "top_left": [
          88.41630554199219,
          1230.09765625
        ],
        "top_right": [
          742.1830444335938,
          1256.2364501953125
        ],
        "bottom_right": [
          742.885986328125,
          1699.684326171875
        ],
        "bottom_left": [
          44.38079071044922,
          1712.8436279296875
        ]
      }
    }
  ]
}