{
  "captured_at": "2026-06-20T13:29:24",
  "source_filename": "image.jpg",
  "corner_mode": "outer",
  "image_size": {
    "width": 4032,
    "height": 3024
  },
  "dictionary": "DICT_4X4_50",
  "marker_count": 13,
  "displays": [
    {
      "id": "display_1",
      "complete": true,
      "missing_corners": [],
      "corners": {
        "top_left": [
          0.649435558016338,
          0.591868001947958
        ],
        "top_right": [
          0.9301696050734747,
          0.6036697468429646
        ],
        "bottom_right": [
          0.935515873015873,
          0.8293650793650794
        ],
        "bottom_left": [
          0.6505456349206349,
          0.8217592592592593
        ]
      },
      "corner_points": {
        "top_left": [
          2618.524169921875,
          1789.808837890625
        ],
        "top_right": [
          3750.44384765625,
          1825.497314453125
        ],
        "bottom_right": [
          3772.0,
          2508.0
        ],
        "bottom_left": [
          2623.0,
          2485.0
        ]
      }
    },
    {
      "id": "display_2",
      "complete": true,
      "missing_corners": [],
      "corners": {
        "top_left": [
          0.016436754711090573,
          0.4765815129355779
        ],
        "top_right": [
          0.34640348525274367,
          0.38907385124731314
        ],
        "bottom_right": [
          0.3934465135846819,
          0.6067507708514178
        ],
        "bottom_left": [
          0.07721766214522105,
          0.7478361583891369
        ]
      },
      "corner_points": {
        "top_left": [
          66.27299499511719,
          1441.1824951171875
        ],
        "top_right": [
          1396.6988525390625,
          1176.559326171875
        ],
        "bottom_right": [
          1586.3763427734375,
          1834.8143310546875
        ],
        "bottom_left": [
          311.34161376953125,
          2261.45654296875
        ]
      }
    },
    {
      "id": "display_3",
      "complete": true,
      "missing_corners": [],
      "corners": {
        "top_left": [
          0.4022351522294302,
          0.4100914606972346
        ],
        "top_right": [
          0.6035775078667535,
          0.36986033121744794
        ],
        "bottom_right": [
          0.6284722222222222,
          0.5218253968253969
        ],
        "bottom_left": [
          0.42410714285714285,
          0.5704365079365079
        ]
      },
      "corner_points": {
        "top_left": [
          1621.8121337890625,
          1240.1165771484375
        ],
        "top_right": [
          2433.62451171875,
          1118.4576416015625
        ],
        "bottom_right": [
          2534.0,
          1578.0
        ],
        "bottom_left": [
          1710.0,
          1725.0
        ]
      }
    }
  ]
}