{
  "captured_at": "2026-06-20T13:54:09",
  "source_filename": "image.jpg",
  "corner_mode": "outer",
  "image_size": {
    "width": 4032,
    "height": 3024
  },
  "dictionary": "DICT_4X4_50",
  "marker_count": 11,
  "uv_bounds": {
    "min_x": 100.01804962158201,
    "min_y": 1060.0542724609375,
    "max_x": 4031.713426208496,
    "max_y": 2455.4735595703123
  },
  "displays": [
    {
      "id": "display_1",
      "complete": true,
      "missing_corners": [],
      "corners": {
        "top_left": [
          0.7351730588882689,
          0.7093241050760583
        ],
        "top_right": [
          0.779922848656064,
          0.37152196490575395
        ],
        "bottom_right": [
          0.9556051587301587,
          0.39814814814814814
        ],
        "bottom_left": [
          0.8902793157668341,
          0.7910203075913526
        ]
      },
      "corner_points": {
        "top_left": [
          2964.2177734375,
          2144.99609375
        ],
        "top_right": [
          3144.64892578125,
          1123.482421875
        ],
        "bottom_right": [
          3853.0,
          1204.0
        ],
        "bottom_left": [
          3589.606201171875,
          2392.04541015625
        ]
      }
    },
    {
      "id": "display_2",
      "complete": true,
      "missing_corners": [],
      "corners": {
        "top_left": [
          0.071566589294918,
          0.46808115641276044
        ],
        "top_right": [
          0.2591841258699932,
          0.4486087617420015
        ],
        "bottom_right": [
          0.26512896825396826,
          0.5757275132275133
        ],
        "bottom_left": [
          0.06912983031499953,
          0.6028712035486938
        ]
      },
      "corner_points": {
        "top_left": [
          288.5564880371094,
          1415.4774169921875
        ],
        "top_right": [
          1045.0303955078125,
          1356.5928955078125
        ],
        "bottom_right": [
          1069.0,
          1741.0
        ],
        "bottom_left": [
          278.7314758300781,
          1823.08251953125
        ]
      }
    },
    {
      "id": "display_3",
      "complete": false,
      "missing_corners": [
        "top_left"
      ],
      "corners": null,
      "corner_points": {
        "top_right": [
          2228.426513671875,
          1259.3304443359375
        ],
        "bottom_right": [
          2281.457763671875,
          1773.847412109375
        ],
        "bottom_left": [
          1340.0430908203125,
          1830.299072265625
        ]
      }
    }
  ]
}