{
  "captured_at": "2026-06-20T14:01:35",
  "source_filename": "image.jpg",
  "corner_mode": "outer",
  "image_size": {
    "width": 3024,
    "height": 4032
  },
  "dictionary": "DICT_4X4_50",
  "marker_count": 9,
  "uv_bounds": {
    "min_x": 82.51229095458984,
    "min_y": 258.9899795532226,
    "max_x": 2814.6052322387695,
    "max_y": 3371.091227722168
  },
  "displays": [
    {
      "id": "display_1",
      "complete": true,
      "missing_corners": [],
      "corners": {
        "top_left": [
          0.6045573401072669,
          0.2501667719038706
        ],
        "top_right": [
          0.27646067785838296,
          0.5016409253317212
        ],
        "bottom_right": [
          0.06835262359134735,
          0.3550445617191375
        ],
        "bottom_left": [
          0.4109014682668857,
          0.09931773988027422
        ]
      },
      "corner_points": {
        "top_left": [
          1828.181396484375,
          1008.6724243164062
        ],
        "top_right": [
          836.01708984375,
          2022.6162109375
        ],
        "bottom_right": [
          206.69833374023438,
          1431.5396728515625
        ],
        "bottom_left": [
          1242.5660400390625,
          400.4491271972656
        ]
      }
    },
    {
      "id": "display_2",
      "complete": true,
      "missing_corners": [],
      "corners": {
        "top_left": [
          0.5762736406275835,
          0.4215891399080791
        ],
        "top_right": [
          0.8896888854011656,
          0.6604576716347347
        ],
        "bottom_right": [
          0.7106391866371115,
          0.8010000198606461
        ],
        "bottom_left": [
          0.388437099557705,
          0.563195304265098
        ]
      },
      "corner_points": {
        "top_left": [
          1742.6514892578125,
          1699.847412109375
        ],
        "top_right": [
          2690.419189453125,
          2662.96533203125
        ],
        "bottom_right": [
          2148.972900390625,
          3229.632080078125
        ],
        "bottom_left": [
          1174.6337890625,
          2270.803466796875
        ]
      }
    },
    {
      "id": "display_3",
      "complete": false,
      "missing_corners": [
        "top_left",
        "top_right",
        "bottom_right",
        "bottom_left"
      ],
      "corners": null,
      "corner_points": {}
    }
  ]
}