{
  "captured_at": "2026-06-20T14:15:59",
  "source_filename": "image.jpg",
  "corner_mode": "outer",
  "image_size": {
    "width": 4032,
    "height": 3024
  },
  "dictionary": "DICT_4X4_50",
  "marker_count": 21,
  "uv_bounds": {
    "min_x": -34.848090362548845,
    "min_y": 889.57900390625,
    "max_x": 4025.1964027404783,
    "max_y": 2436.30576171875
  },
  "displays": [
    {
      "id": "display_1",
      "complete": false,
      "missing_corners": [
        "top_left",
        "top_right",
        "bottom_right"
      ],
      "corners": null,
      "corner_points": {
        "bottom_left": [
          1704.1405029296875,
          2656.311279296875
        ]
      }
    },
    {
      "id": "display_2",
      "complete": true,
      "missing_corners": [],
      "corners": {
        "top_left": [
          0.03712782405671619,
          0.41211765026920055
        ],
        "top_right": [
          0.20029213314964658,
          0.3760706179987186
        ],
        "bottom_right": [
          0.23924703446645584,
          0.5394416687980531
        ],
        "bottom_left": [
          0.08725612882583861,
          0.5742539905366444
        ]
      },
      "corner_points": {
        "top_left": [
          149.6993865966797,
          1246.2437744140625
        ],
        "top_right": [
          807.577880859375,
          1137.237548828125
        ],
        "bottom_right": [
          964.64404296875,
          1631.2716064453125
        ],
        "bottom_left": [
          351.81671142578125,
          1736.5440673828125
        ]
      }
    },
    {
      "id": "display_3",
      "complete": true,
      "missing_corners": [],
      "corners": {
        "top_left": [
          0.7122511485266307,
          0.42805957289599866
        ],
        "top_right": [
          0.9525418962751117,
          0.609616758962157
        ],
        "bottom_right": [
          0.8530737861754403,
          0.7531976447534309
        ],
        "bottom_left": [
          0.6420364379882812,
          0.5763643860186218
        ]
      },
      "corner_points": {
        "top_left": [
          2871.796630859375,
          1294.4521484375
        ],
        "top_right": [
          3840.64892578125,
          1843.4810791015625
        ],
        "bottom_right": [
          3439.593505859375,
          2277.669677734375
        ],
        "bottom_left": [
          2588.69091796875,
          1742.9259033203125
        ]
      }
    },
    {
      "id": "display_4",
      "complete": true,
      "missing_corners": [],
      "corners": {
        "top_left": [
          0.43416846744597903,
          0.317422210854828
        ],
        "top_right": [
          0.6236207144601005,
          0.3492169254040592
        ],
        "bottom_right": [
          0.6056547619047619,
          0.4781746031746032
        ],
        "bottom_left": [
          0.430859611147926,
          0.44658713365988756
        ]
      },
      "corner_points": {
        "top_left": [
          1750.5672607421875,
          959.884765625
        ],
        "top_right": [
          2514.438720703125,
          1056.031982421875
        ],
        "bottom_right": [
          2442.0,
          1446.0
        ],
        "bottom_left": [
          1737.2259521484375,
          1350.4794921875
        ]
      }
    },
    {
      "id": "display_5",
      "complete": true,
      "missing_corners": [],
      "corners": {
        "top_left": [
          0.35808981032598586,
          0.49736418547453703
        ],
        "top_right": [
          0.4811926947699653,
          0.3366211381538835
        ],
        "bottom_right": [
          0.35962301587301587,
          0.7824074074074074
        ],
        "bottom_left": [
          0.26612103174603174,
          0.5727513227513228
        ]
      },
      "corner_points": {
        "top_left": [
          1443.818115234375,
          1504.029296875
        ],
        "top_right": [
          1940.1689453125,
          1017.9423217773438
        ],
        "bottom_right": [
          1450.0,
          2366.0
        ],
        "bottom_left": [
          1073.0,
          1732.0
        ]
      }
    }
  ]
}