{
  "captured_at": "2026-06-20T14:03:45",
  "source_filename": "image.jpg",
  "corner_mode": "outer",
  "image_size": {
    "width": 3024,
    "height": 4032
  },
  "dictionary": "DICT_4X4_50",
  "marker_count": 12,
  "uv_bounds": {
    "min_x": 360.5105743408203,
    "min_y": 114.50355834960936,
    "max_x": 2749.980941772461,
    "max_y": 3934.1779602050783
  },
  "displays": [
    {
      "id": "display_1",
      "complete": true,
      "missing_corners": [],
      "corners": {
        "top_left": [
          0.4755551373517072,
          0.1160120131477477
        ],
        "top_right": [
          0.349207600588521,
          0.36957916380867123
        ],
        "bottom_right": [
          0.155133222146009,
          0.3171651325528584
        ],
        "bottom_left": [
          0.28419918484157985,
          0.07145960368807354
        ]
      },
      "corner_points": {
        "top_left": [
          1438.0787353515625,
          467.76043701171875
        ],
        "top_right": [
          1056.0037841796875,
          1490.1431884765625
        ],
        "bottom_right": [
          469.12286376953125,
          1278.809814453125
        ],
        "bottom_left": [
          859.4183349609375,
          288.1251220703125
        ]
      }
    },
    {
      "id": "display_2",
      "complete": true,
      "missing_corners": [],
      "corners": {
        "top_left": [
          0.585913965941737,
          0.27163033258347286
        ],
        "top_right": [
          0.8734684696903935,
          0.44913621932741193
        ],
        "bottom_right": [
          0.7265578174086474,
          0.519515627906436
        ],
        "bottom_left": [
          0.47475574634693285,
          0.37395141238258
        ]
      },
      "corner_points": {
        "top_left": [
          1771.8038330078125,
          1095.2135009765625
        ],
        "top_right": [
          2641.36865234375,
          1810.917236328125
        ],
        "bottom_right": [
          2197.11083984375,
          2094.68701171875
        ],
        "bottom_left": [
          1435.661376953125,
          1507.7720947265625
        ]
      }
    },
    {
      "id": "display_3",
      "complete": true,
      "missing_corners": [],
      "corners": {
        "top_left": [
          0.7290913415333581,
          0.5937973506866939
        ],
        "top_right": [
          0.5565100372152985,
          0.9326776776994977
        ],
        "bottom_right": [
          0.3531746031746032,
          0.8174603174603174
        ],
        "bottom_left": [
          0.509301604417266,
          0.5303404671805245
        ]
      },
      "corner_points": {
        "top_left": [
          2204.772216796875,
          2394.19091796875
        ],
        "top_right": [
          1682.8863525390625,
          3760.556396484375
        ],
        "bottom_right": [
          1068.0,
          3296.0
        ],
        "bottom_left": [
          1540.1280517578125,
          2138.332763671875
        ]
      }
    }
  ]
}